Player,Team,Pos,G,MP,PTS,AST,ORB,DRB,TRB,STL,BLK,TOV,PF,FG%,3P,3PA,3P%,eFG%,PER,TS%,USG%,OBPM,DBPM,BPM,VORP,Salary,PTS_36,AST_36,DRB_36,ORB_36,STL_36,BLK_36,TOV_36,PF_36,Per36Impact,Impact_Score,Is_Combined_Team_Row,Value,Value_Score,Impact_Rank,Value_Rank,PLAYER_ID,HeadshotURL
Nikola Jokić,DEN,C,65.0,34.8,27.7,10.7,3.0,9.9,12.9,1.4,0.8,3.7,2.7,0.569,1.7,4.5,0.38,0.618,32.3,0.67,30.4,10.1,4.1,14.2,9.2,55224526.0,28.655172413793107,11.06896551724138,10.241379310344827,3.1034482758620694,1.4482758620689655,0.8275862068965518,3.827586206896552,2.7931034482758625,76.63965517241378,115.7120080086207,False,0.0155708539693379,15.570853969337998,1.0,163.0,203999.0,https://cdn.nba.com/headshots/nba/latest/1040x760/203999.png
Giannis Antetokounmpo,MIL,PF,36.0,28.9,27.6,5.4,2.7,7.1,9.8,0.9,0.7,3.2,2.4,0.624,0.4,1.3,0.333,0.636,32.6,0.658,37.0,7.7,1.8,9.5,3.0,54126450.0,34.38062283737025,6.726643598615918,8.844290657439446,3.363321799307959,1.1211072664359862,0.8719723183391004,3.9861591695501737,2.9896193771626294,75.87404844290658,112.78686797231836,False,0.0153304098195602,15.330409819560238,2.0,169.0,203507.0,https://cdn.nba.com/headshots/nba/latest/1040x760/203507.png
Luka Dončić,LAL,PG,64.0,35.8,33.5,8.3,0.6,7.1,7.7,1.6,0.5,4.0,2.4,0.476,4.0,10.8,0.366,0.563,27.9,0.616,38.1,8.0,1.3,9.3,6.6,45999660.0,33.68715083798883,8.3463687150838,7.139664804469274,0.6033519553072626,1.6089385474860338,0.5027932960893855,4.022346368715084,2.4134078212290504,72.49776536312851,108.0139656167598,False,0.0159258492390909,15.92584923909098,3.0,152.0,1629029.0,https://cdn.nba.com/headshots/nba/latest/1040x760/1629029.png
Victor Wembanyama,SAS,C,64.0,29.2,25.0,3.1,2.0,9.5,11.5,1.0,3.1,2.4,2.4,0.512,1.9,5.5,0.349,0.569,29.9,0.626,32.4,6.5,4.2,10.7,6.0,13376880.0,30.821917808219176,3.821917808219178,11.712328767123289,2.4657534246575343,1.2328767123287672,3.821917808219178,2.958904109589041,2.958904109589041,72.69041095890411,106.2101701150685,False,0.0290394702059132,29.039470205913297,4.0,30.0,1641705.0,https://cdn.nba.com/headshots/nba/latest/1040x760/1641705.png
Shai Gilgeous-Alexander,OKC,PG,68.0,33.2,31.1,6.6,0.6,3.7,4.3,1.4,0.8,2.2,2.0,0.553,1.7,4.4,0.386,0.597,30.8,0.665,33.4,8.7,3.0,11.7,7.8,38333050.0,33.72289156626506,7.156626506024096,4.0120481927710845,0.6506024096385542,1.5180722891566265,0.8674698795180722,2.385542168674699,2.1686746987951806,69.30542168674698,105.04393655421686,False,0.0169661890097701,16.96618900977012,5.0,139.0,1628983.0,https://cdn.nba.com/headshots/nba/latest/1040x760/1628983.png
Kawhi Leonard,LAC,SF,65.0,32.1,27.9,3.6,1.1,5.3,6.4,1.9,0.4,2.0,1.2,0.505,2.6,6.8,0.387,0.573,27.9,0.629,33.5,7.4,0.6,8.0,5.3,50000000.0,31.28971962616822,4.037383177570093,5.943925233644859,1.2336448598130842,2.130841121495327,0.4485981308411215,2.2429906542056077,1.3457943925233644,64.1271028037383,92.341079635514,False,0.0130590007184717,13.059000718471792,6.0,212.0,202695.0,https://cdn.nba.com/headshots/nba/latest/1040x760/202695.png
Joel Embiid,PHI,C,38.0,31.6,26.9,3.9,2.0,5.7,7.7,0.6,1.2,2.9,2.2,0.489,1.4,4.2,0.333,0.527,24.7,0.605,33.5,5.1,-0.2,4.9,2.1,55224526.0,30.64556962025316,4.443037974683544,6.493670886075949,2.278481012658228,0.6835443037974682,1.3670886075949364,3.3037974683544302,2.5063291139240507,63.02848101265823,85.86654843750001,False,0.0115546822631562,11.554682263156224,7.0,255.0,203954.0,https://cdn.nba.com/headshots/nba/latest/1040x760/203954.png
Cade Cunningham,DET,PG,64.0,33.9,23.9,9.9,0.9,4.7,5.5,1.4,0.8,3.7,3.1,0.461,2.0,5.7,0.342,0.513,21.6,0.564,30.5,4.8,1.5,6.3,4.6,46394100.0,25.380530973451325,10.513274336283184,4.991150442477877,0.9557522123893808,1.4867256637168142,0.8495575221238939,3.929203539823009,3.292035398230089,61.15221238938052,82.97666832743361,False,0.0121821688849734,12.182168884973445,8.0,236.0,1630595.0,https://cdn.nba.com/headshots/nba/latest/1040x760/1630595.png
Stephen Curry,GSW,PG,43.0,30.9,26.6,4.7,0.4,3.2,3.6,1.1,0.4,2.8,1.7,0.468,4.4,11.3,0.393,0.587,22.6,0.637,32.5,6.3,-1.0,5.4,2.5,59606817.0,30.990291262135926,5.475728155339807,3.728155339805826,0.4660194174757281,1.2815533980582527,0.4660194174757281,3.262135922330097,1.980582524271845,59.74368932038836,82.30811592233012,False,0.0106609202599645,10.660920259964536,9.0,281.0,201939.0,https://cdn.nba.com/headshots/nba/latest/1040x760/201939.png
Donovan Mitchell,CLE,SG,70.0,33.5,27.9,5.7,0.7,3.8,4.5,1.5,0.3,2.8,2.3,0.483,3.2,8.8,0.364,0.563,22.9,0.613,32.2,5.2,-0.2,5.1,4.2,46394100.0,29.982089552238804,6.125373134328359,4.083582089552238,0.7522388059701491,1.611940298507463,0.3223880597014925,3.008955223880597,2.4716417910447763,60.404776119403,82.06419928477614,False,0.0120482052997388,12.048205299738868,10.0,240.0,1628378.0,https://cdn.nba.com/headshots/nba/latest/1040x760/1628378.png
Jaylen Brown,BOS,SF,71.0,34.4,28.7,5.1,1.1,5.8,6.9,1.0,0.4,3.6,2.7,0.477,2.0,5.7,0.347,0.522,22.0,0.573,36.2,3.5,-0.1,3.3,3.3,53142264.0,30.034883720930235,5.337209302325581,6.069767441860465,1.1511627906976745,1.0465116279069768,0.4186046511627908,3.767441860465116,2.825581395348838,60.20581395348839,81.22537507325583,False,0.0111422192290326,11.142219229032609,11.0,269.0,1627759.0,https://cdn.nba.com/headshots/nba/latest/1040x760/1627759.png
LaMelo Ball,CHO,PG,72.0,28.0,20.1,7.1,0.9,3.9,4.8,1.2,0.2,2.8,2.7,0.407,3.8,10.3,0.368,0.516,19.7,0.546,32.0,4.8,-0.1,4.7,3.4,37958760.0,25.84285714285714,9.128571428571428,5.014285714285714,1.1571428571428573,1.542857142857143,0.2571428571428572,3.6,3.4714285714285715,59.37428571428571,79.05349315714284,False,0.0128311344741454,12.831134474145426,12.0,222.0,1630163.0,https://cdn.nba.com/headshots/nba/latest/1040x760/1630163.png
Anthony Edwards,MIN,SG,61.0,35.0,28.8,3.7,0.6,4.4,5.0,1.4,0.8,2.9,1.9,0.489,3.4,8.4,0.399,0.572,21.8,0.617,31.5,4.7,-0.1,4.5,3.5,45550512.0,29.622857142857143,3.805714285714286,4.525714285714286,0.6171428571428572,1.44,0.8228571428571428,2.9828571428571427,1.9542857142857144,56.88000000000001,76.76008710000002,False,0.0113733610828229,11.3733610828229,13.0,258.0,1630162.0,https://cdn.nba.com/headshots/nba/latest/1040x760/1630162.png
Tyrese Maxey,PHI,PG,70.0,38.0,28.3,6.6,0.3,3.8,4.1,1.9,0.8,2.4,2.2,0.462,3.1,8.6,0.367,0.536,21.9,0.588,29.4,5.0,0.5,5.4,4.9,37958760.0,26.810526315789478,6.252631578947367,3.6,0.2842105263157894,1.7999999999999998,0.7578947368421053,2.273684210526316,2.0842105263157897,56.472631578947365,75.89111098105262,False,0.0123178497432683,12.31784974326838,14.0,233.0,1630178.0,https://cdn.nba.com/headshots/nba/latest/1040x760/1630178.png
Jalen Johnson,ATL,SF,72.0,35.2,22.5,7.9,1.4,8.9,10.3,1.2,0.4,3.4,2.1,0.489,1.7,4.7,0.352,0.537,20.4,0.581,27.0,2.8,1.4,4.2,4.0,30000000.0,23.011363636363637,8.079545454545455,9.102272727272728,1.4318181818181817,1.227272727272727,0.4090909090909091,3.477272727272726,2.1477272727272725,59.123863636363645,75.5151246818182,False,0.0137871124070156,13.787112407015652,15.0,194.0,1630552.0,https://cdn.nba.com/headshots/nba/latest/1040x760/1630552.png
Deni Avdija,POR,SF,66.0,33.3,24.2,6.7,1.1,5.8,6.9,0.8,0.6,3.8,2.5,0.462,1.9,6.0,0.318,0.521,20.3,0.6,29.3,3.7,0.6,4.3,3.5,14375000.0,26.162162162162165,7.243243243243244,6.270270270270271,1.1891891891891897,0.864864864864865,0.6486486486486487,4.108108108108109,2.702702702702702,57.51891891891893,75.48133054054055,False,0.0199083661857462,19.908366185746203,16.0,98.0,1630166.0,https://cdn.nba.com/headshots/nba/latest/1040x760/1630166.png
Jalen Duren,DET,C,70.0,28.2,19.5,2.0,3.8,6.7,10.5,0.8,0.8,1.9,2.8,0.65,0.0,0.0,0.0,0.65,26.1,0.688,23.6,4.4,0.5,5.0,3.5,6483144.0,24.8936170212766,2.5531914893617023,8.553191489361703,4.851063829787234,1.021276595744681,1.021276595744681,2.425531914893617,3.574468085106383,57.10212765957448,73.82784020425534,False,0.0289952815062524,28.995281506252464,17.0,32.0,1631105.0,https://cdn.nba.com/headshots/nba/latest/1040x760/1631105.png
Jamal Murray,DEN,PG,75.0,35.4,25.4,7.1,0.4,4.0,4.4,0.9,0.4,2.3,1.7,0.483,3.3,7.5,0.435,0.573,21.8,0.622,27.9,5.5,-1.4,4.1,4.1,46394100.0,25.83050847457627,7.220338983050848,4.067796610169491,0.4067796610169492,0.9152542372881356,0.4067796610169492,2.3389830508474576,1.728813559322034,55.86610169491525,72.72337081271186,False,0.0106768372722443,10.676837272244398,18.0,280.0,1627750.0,https://cdn.nba.com/headshots/nba/latest/1040x760/1627750.png
Devin Booker,PHO,SG,64.0,33.5,26.1,6.0,0.8,3.1,3.9,0.8,0.3,3.1,2.6,0.456,1.9,5.8,0.33,0.507,20.4,0.585,32.2,3.2,-1.0,2.2,2.3,53142264.0,28.047761194029853,6.447761194029851,3.3313432835820893,0.8597014925373134,0.8597014925373134,0.3223880597014925,3.3313432835820893,2.7940298507462686,55.5958208955224,71.47187356119403,False,0.0098042672405058,9.804267240505858,19.0,308.0,1626164.0,https://cdn.nba.com/headshots/nba/latest/1040x760/1626164.png
James Harden,2TM,PG,70.0,34.8,23.6,8.0,0.6,4.2,4.8,1.1,0.4,3.5,2.0,0.434,3.1,8.2,0.375,0.529,20.7,0.61,28.6,4.6,-0.8,3.9,3.6,39182693.0,24.41379310344828,8.275862068965518,4.344827586206897,0.6206896551724138,1.137931034482759,0.4137931034482759,3.6206896551724137,2.0689655172413794,54.63103448275863,71.01905006896554,True,0.0113456065374972,11.345606537497217,20.0,259.0,201935.0,https://cdn.nba.com/headshots/nba/latest/1040x760/201935.png
Anthony Davis,DAL,PF,20.0,31.3,20.4,2.8,3.1,8.0,11.1,1.1,1.7,2.1,2.1,0.506,0.5,1.9,0.27,0.521,21.5,0.551,27.5,1.5,0.9,2.4,0.7,54126450.0,23.46325878594249,3.220447284345048,9.201277955271564,3.5654952076677318,1.2651757188498405,1.9552715654952075,2.415335463258786,2.415335463258786,57.36421725239616,70.57093101038338,False,0.0095922629397122,9.592262939712263,21.0,316.0,203076.0,https://cdn.nba.com/headshots/nba/latest/1040x760/203076.png
Jalen Brunson,NYK,PG,74.0,35.0,26.0,6.8,0.4,2.9,3.3,0.8,0.1,2.4,2.3,0.467,2.6,7.1,0.369,0.533,20.1,0.58,30.4,4.0,-0.9,3.1,3.3,34944001.0,26.742857142857144,6.994285714285715,2.9828571428571427,0.4114285714285714,0.8228571428571428,0.1028571428571428,2.468571428571429,2.3657142857142857,54.54,70.4214222,False,0.0119129269056655,11.912926905665566,22.0,247.0,1628973.0,https://cdn.nba.com/headshots/nba/latest/1040x760/1628973.png
Michael Porter Jr.,BRK,SF,52.0,32.5,24.2,3.0,1.3,5.7,7.1,1.1,0.3,2.3,2.2,0.463,3.4,9.3,0.363,0.555,19.9,0.595,30.5,4.2,-1.2,3.0,2.1,38333050.0,26.806153846153844,3.3230769230769237,6.313846153846154,1.44,1.2184615384615387,0.3323076923076923,2.547692307692308,2.4369230769230774,54.22707692307693,70.18559719615386,False,0.0113360384887987,11.336038488798769,23.0,260.0,1629008.0,https://cdn.nba.com/headshots/nba/latest/1040x760/1629008.png
Alperen Şengün,HOU,C,72.0,33.3,20.4,6.2,3.0,5.9,8.9,1.2,1.1,3.2,3.3,0.519,0.6,1.8,0.305,0.537,21.4,0.569,26.6,2.7,1.5,4.2,3.7,33944954.0,22.054054054054053,6.702702702702704,6.37837837837838,3.2432432432432434,1.2972972972972974,1.1891891891891897,3.45945945945946,3.5675675675675675,54.55675675675676,69.7577461783784,False,0.0119730508831025,11.973050883102587,24.0,242.0,1630578.0,https://cdn.nba.com/headshots/nba/latest/1040x760/1630578.png
Karl-Anthony Towns,NYK,C,75.0,31.0,20.1,3.0,3.1,8.7,11.9,0.9,0.5,2.5,3.4,0.501,1.5,4.1,0.368,0.556,22.0,0.619,25.9,2.7,0.6,3.3,3.1,53142264.0,23.34193548387097,3.4838709677419355,10.103225806451611,3.6,1.0451612903225806,0.5806451612903225,2.903225806451613,3.9483870967741934,55.21935483870968,69.54105949838711,False,0.0095394047691551,9.539404769155112,25.0,319.0,1626157.0,https://cdn.nba.com/headshots/nba/latest/1040x760/1626157.png
Lauri Markkanen,UTA,PF,42.0,34.4,26.7,2.1,2.0,4.9,6.9,1.0,0.5,1.5,1.8,0.477,2.7,7.7,0.355,0.548,21.1,0.608,28.1,4.6,-2.0,2.6,1.6,46394100.0,27.94186046511628,2.1976744186046515,5.127906976744186,2.0930232558139537,1.0465116279069768,0.5232558139534884,1.5697674418604652,1.8837209302325584,55.0046511627907,69.34519400930233,False,0.0101808723079722,10.180872307972283,26.0,295.0,1628374.0,https://cdn.nba.com/headshots/nba/latest/1040x760/1628374.png
LeBron James,LAL,SF,60.0,33.2,20.9,7.2,0.7,5.4,6.1,1.2,0.6,3.0,1.4,0.515,1.3,4.1,0.317,0.557,20.8,0.594,27.2,3.3,0.2,3.5,2.8,52627153.0,22.66265060240964,7.80722891566265,5.855421686746988,0.7590361445783131,1.3012048192771084,0.6506024096385542,3.2530120481927707,1.5180722891566265,54.39578313253011,69.24212400542167,False,0.0095447694624767,9.544769462476786,27.0,318.0,2544.0,https://cdn.nba.com/headshots/nba/latest/1040x760/2544.png
Jimmy Butler,GSW,SF,38.0,31.1,20.0,4.9,2.3,3.2,5.6,1.4,0.2,1.6,1.2,0.519,0.8,2.2,0.376,0.554,23.5,0.646,23.3,5.0,0.5,5.5,2.3,54126450.0,23.15112540192926,5.672025723472669,3.7041800643086815,2.662379421221865,1.620578778135048,0.2315112540192926,1.8520900321543408,1.3890675241157555,53.04501607717041,69.23078918488746,False,0.0094101058874725,9.41010588747256,28.0,325.0,202710.0,https://cdn.nba.com/headshots/nba/latest/1040x760/202710.png
Kevin Durant,HOU,SF,78.0,36.4,26.0,4.8,0.5,4.9,5.5,0.8,0.9,3.2,1.8,0.52,2.4,5.8,0.413,0.588,21.1,0.641,27.1,4.4,0.1,4.5,4.7,54708609.0,25.714285714285715,4.747252747252747,4.846153846153847,0.4945054945054945,0.7912087912087913,0.8901098901098902,3.164835164835165,1.7802197802197803,51.77967032967034,68.29222231854396,False,0.0092330121934049,9.233012193404972,29.0,329.0,201142.0,https://cdn.nba.com/headshots/nba/latest/1040x760/201142.png
Josh Giddey,CHI,PG,54.0,32.1,17.0,9.1,1.2,7.1,8.3,1.0,0.5,3.6,1.7,0.448,1.9,5.2,0.364,0.52,18.0,0.562,24.4,2.3,0.4,2.7,2.0,25000000.0,19.06542056074766,10.205607476635514,7.962616822429905,1.3457943925233644,1.1214953271028036,0.5607476635514018,4.037383177570093,1.9065420560747663,54.74018691588786,66.36113794766355,False,0.0132722275895327,13.27222758953271,30.0,204.0,1630581.0,https://cdn.nba.com/headshots/nba/latest/1040x760/1630581.png
Zion Williamson,NOP,PF,62.0,29.7,21.0,3.2,2.0,3.7,5.7,1.0,0.5,2.0,2.3,0.6,0.0,0.1,0.25,0.6,22.6,0.644,25.7,3.5,-0.6,2.9,2.3,39446090.0,25.454545454545453,3.878787878787879,4.484848484848485,2.4242424242424243,1.2121212121212122,0.6060606060606061,2.4242424242424243,2.787878787878788,52.46666666666666,65.97351659999998,False,0.0105043129826066,10.504312982606614,31.0,286.0,1629627.0,https://cdn.nba.com/headshots/nba/latest/1040x760/1629627.png
Paul Reed,DET,C,65.0,13.9,7.8,1.2,2.0,2.5,4.5,0.9,0.9,0.9,1.8,0.617,0.2,0.6,0.325,0.636,24.2,0.65,20.6,2.4,2.9,5.3,1.6,5335894.0,20.201438848920866,3.107913669064748,6.474820143884892,5.179856115107913,2.3309352517985613,2.3309352517985613,2.3309352517985613,4.661870503597123,51.6043165467626,65.85004316546764,False,0.0285070624553516,28.507062455351647,32.0,34.0,1630194.0,https://cdn.nba.com/headshots/nba/latest/1040x760/1630194.png
Pascal Siakam,IND,PF,62.0,33.2,24.0,3.8,1.4,5.2,6.6,1.1,0.4,2.2,2.4,0.484,1.7,4.7,0.358,0.529,18.6,0.562,30.1,1.8,-1.0,0.7,1.4,45550512.0,26.024096385542165,4.120481927710843,5.63855421686747,1.5180722891566265,1.1927710843373496,0.4337349397590361,2.385542168674699,2.602409638554217,53.896987951807226,65.7478681743976,False,0.0097417065746563,9.741706574656346,33.0,311.0,1627783.0,https://cdn.nba.com/headshots/nba/latest/1040x760/1627783.png
Kristaps Porziņģis,2TM,C,32.0,24.0,16.7,2.5,1.3,4.0,5.2,0.6,1.2,1.3,2.9,0.446,1.7,5.0,0.338,0.515,19.6,0.582,27.3,1.6,0.3,1.9,0.8,30731707.0,25.05,3.75,6.0,1.95,0.8999999999999999,1.7999999999999998,1.95,4.35,53.54249999999999,65.71406185125,True,0.0118540012918855,11.854001291885591,34.0,249.0,204001.0,https://cdn.nba.com/headshots/nba/latest/1040x760/204001.png
Ja Morant,MEM,PG,20.0,28.5,19.5,8.1,0.4,2.9,3.3,1.0,0.3,3.6,2.0,0.41,1.0,4.3,0.235,0.441,16.6,0.521,32.5,0.5,-2.0,-1.5,0.1,39446090.0,24.63157894736842,10.23157894736842,3.663157894736842,0.5052631578947369,1.263157894736842,0.3789473684210526,4.547368421052632,2.526315789473684,56.11578947368422,65.68061822368423,False,0.0104576776602003,10.45767766020032,35.0,289.0,1629630.0,https://cdn.nba.com/headshots/nba/latest/1040x760/1629630.png
Obi Toppin,IND,PF,24.0,17.7,11.6,2.3,0.5,3.9,4.4,0.5,0.0,1.2,1.2,0.503,1.5,4.4,0.352,0.595,19.7,0.636,24.8,3.4,-0.4,3.0,0.5,14000000.0,23.59322033898305,4.677966101694915,7.932203389830509,1.0169491525423728,1.0169491525423728,0.0,2.440677966101695,2.440677966101695,52.45423728813559,65.49284294237289,False,0.0175036985411539,17.503698541153938,36.0,125.0,1630167.0,https://cdn.nba.com/headshots/nba/latest/1040x760/1630167.png
T.J. McConnell,IND,PG,56.0,17.2,9.4,5.1,0.4,1.8,2.2,1.0,0.2,1.1,1.1,0.538,0.3,0.9,0.32,0.556,20.5,0.567,23.2,2.1,0.4,2.5,1.1,10200000.0,19.67441860465117,10.674418604651162,3.767441860465116,0.8372093023255816,2.0930232558139537,0.4186046511627908,2.302325581395349,2.302325581395349,53.87441860465117,64.47581697906976,False,0.0201881613899269,20.188161389926908,37.0,91.0,204456.0,https://cdn.nba.com/headshots/nba/latest/1040x760/204456.png
Bam Adebayo,MIA,C,73.0,32.4,20.1,3.2,2.0,8.0,10.0,1.2,0.7,1.6,1.7,0.442,1.7,5.5,0.318,0.497,18.7,0.551,25.0,1.5,0.4,2.0,2.4,37096620.0,22.333333333333336,3.555555555555556,8.88888888888889,2.2222222222222223,1.3333333333333333,0.7777777777777777,1.777777777777778,1.888888888888889,53.81111111111111,64.27672861111111,False,0.0105532589412828,10.55325894128281,38.0,284.0,1628389.0,https://cdn.nba.com/headshots/nba/latest/1040x760/1628389.png
Austin Reaves,LAL,SG,51.0,34.5,23.3,5.5,0.6,4.1,4.7,1.1,0.4,3.0,2.2,0.49,2.3,6.4,0.36,0.567,20.2,0.641,26.7,3.4,-0.6,2.8,2.1,13937574.0,24.31304347826087,5.739130434782608,4.278260869565217,0.6260869565217392,1.147826086956522,0.4173913043478261,3.130434782608696,2.295652173913044,50.45739130434782,63.956650678695645,False,0.0171313709528759,17.13137095287594,39.0,130.0,1630559.0,https://cdn.nba.com/headshots/nba/latest/1040x760/1630559.png
Keyonte George,UTA,PG,54.0,33.1,23.6,6.1,0.4,3.3,3.7,1.1,0.3,3.1,2.2,0.456,2.5,6.7,0.371,0.532,18.5,0.609,27.9,3.0,-2.1,0.9,1.3,4278960.0,25.66767371601209,6.634441087613292,3.589123867069486,0.4350453172205438,1.1963746223564955,0.3262839879154078,3.3716012084592144,2.392749244712991,52.6404833836858,63.88638101510572,False,0.0308844003784865,30.88440037848656,40.0,25.0,1641718.0,https://cdn.nba.com/headshots/nba/latest/1040x760/1641718.png
Jonas Valančiūnas,DEN,C,65.0,13.4,8.7,1.2,1.6,3.4,5.1,0.2,0.6,1.1,2.0,0.582,0.1,0.4,0.308,0.592,22.0,0.63,26.1,0.5,-0.5,0.0,0.4,10395000.0,23.373134328358205,3.2238805970149254,9.134328358208956,4.298507462686567,0.5373134328358209,1.611940298507463,2.955223880597015,5.3731343283582085,54.241791044776114,63.72773106716417,False,0.0197658825075054,19.76588250750545,41.0,100.0,202685.0,https://cdn.nba.com/headshots/nba/latest/1040x760/202685.png
Chet Holmgren,OKC,PF,69.0,28.9,17.1,1.7,1.9,7.0,8.9,0.6,1.9,1.6,2.3,0.557,1.3,3.5,0.362,0.614,21.6,0.653,21.9,2.4,1.9,4.2,3.1,13731368.0,21.30103806228374,2.117647058823529,8.719723183391004,2.366782006920415,0.7474048442906573,2.366782006920415,1.9930795847750868,2.865051903114187,50.02006920415225,63.3035234434256,False,0.0170832690239076,17.083269023907608,42.0,133.0,1631096.0,https://cdn.nba.com/headshots/nba/latest/1040x760/1631096.png
Paolo Banchero,ORL,PF,72.0,34.8,22.2,5.2,1.2,7.2,8.4,0.7,0.6,3.1,2.0,0.459,1.2,3.8,0.305,0.496,17.6,0.566,27.6,1.4,0.0,1.4,2.1,15334769.0,22.965517241379317,5.379310344827586,7.448275862068966,1.2413793103448276,0.7241379310344828,0.6206896551724138,3.2068965517241383,2.0689655172413794,52.06551724137932,63.15874196896553,False,0.016128532429598,16.128532429598017,43.0,150.0,1631094.0,https://cdn.nba.com/headshots/nba/latest/1040x760/1631094.png
Franz Wagner,ORL,SF,34.0,30.0,20.6,3.3,1.3,3.9,5.2,0.9,0.3,1.7,2.1,0.481,1.4,4.1,0.345,0.529,19.2,0.588,27.0,2.6,-0.2,2.5,1.2,38661750.0,24.72,3.96,4.68,1.56,1.08,0.36,2.04,2.5200000000000005,50.736,63.09506304000001,False,0.0101473963632115,10.147396363211534,44.0,299.0,1630532.0,https://cdn.nba.com/headshots/nba/latest/1040x760/1630532.png
Scottie Barnes,TOR,PF,80.0,33.5,18.1,5.9,1.9,5.6,7.5,1.4,1.5,2.6,2.6,0.507,0.9,2.8,0.304,0.537,19.2,0.577,23.4,1.9,2.3,4.2,4.2,38661750.0,19.45074626865672,6.340298507462687,6.017910447761193,2.041791044776119,1.5044776119402985,1.611940298507463,2.7940298507462686,2.7940298507462686,49.997014925373136,62.894970994029855,False,0.0101152161386145,10.1152161386146,45.0,300.0,1630567.0,https://cdn.nba.com/headshots/nba/latest/1040x760/1630567.png
Jalen Williams,OKC,SG,33.0,28.4,17.1,5.5,0.8,3.8,4.6,1.2,0.3,1.9,2.0,0.484,0.7,2.3,0.299,0.51,19.0,0.56,26.2,1.1,1.0,2.1,1.0,6580997.0,21.67605633802817,6.971830985915494,4.816901408450704,1.0140845070422535,1.5211267605633805,0.380281690140845,2.408450704225352,2.535211267605634,50.8943661971831,62.00831661971832,False,0.0241715274364503,24.171527436450305,46.0,63.0,1631114.0,https://cdn.nba.com/headshots/nba/latest/1040x760/1631114.png
Evan Mobley,CLE,PF,65.0,31.9,18.2,3.6,2.4,6.6,9.0,0.7,1.7,1.9,2.4,0.546,1.0,3.2,0.297,0.582,20.0,0.596,22.6,1.8,1.2,3.0,2.6,46394100.0,20.53918495297805,4.06269592476489,7.448275862068965,2.70846394984326,0.7899686520376176,1.9184952978056429,2.144200626959248,2.70846394984326,50.56363636363636,61.57238989090909,False,0.009039712818338,9.039712818338046,47.0,334.0,1630596.0,https://cdn.nba.com/headshots/nba/latest/1040x760/1630596.png
Julius Randle,MIN,PF,79.0,33.0,21.1,5.0,1.7,5.1,6.7,1.1,0.2,2.7,2.8,0.481,1.4,4.4,0.315,0.526,18.4,0.585,26.5,1.5,0.0,1.5,2.3,30864198.0,23.01818181818182,5.454545454545455,5.563636363636364,1.8545454545454545,1.2,0.2181818181818181,2.9454545454545453,3.0545454545454542,50.68909090909092,61.38230942045456,False,0.0110488156117108,11.048815611710822,48.0,272.0,203944.0,https://cdn.nba.com/headshots/nba/latest/1040x760/203944.png
Cooper Flagg,DAL,SF,70.0,33.5,21.0,4.5,1.2,5.4,6.7,1.2,0.9,2.3,2.0,0.468,1.0,3.5,0.295,0.498,17.9,0.548,26.9,1.0,0.4,1.4,2.0,13825920.0,22.56716417910448,4.835820895522388,5.802985074626866,1.28955223880597,1.28955223880597,0.9671641791044776,2.4716417910447763,2.149253731343284,50.65253731343284,60.8773562561194,False,0.0163722649475403,16.37226494754033,49.0,148.0,1642843.0,https://cdn.nba.com/headshots/nba/latest/1040x760/1642843.png
Alex Sarr,WAS,C,48.0,27.2,16.3,2.7,2.2,5.2,7.4,0.8,2.0,1.7,2.2,0.482,1.0,3.1,0.333,0.52,19.4,0.544,25.7,0.8,-0.1,0.7,0.9,11808240.0,21.57352941176471,3.573529411764706,6.882352941176471,2.9117647058823533,1.0588235294117647,2.647058823529412,2.25,2.9117647058823533,51.915441176470594,60.58932754411766,False,0.0176320799619051,17.632079961905152,50.0,122.0,1642259.0,https://cdn.nba.com/headshots/nba/latest/1040x760/1642259.png
Norman Powell,MIA,SG,58.0,29.6,21.7,2.5,0.4,3.1,3.5,1.1,0.2,1.9,2.2,0.47,2.7,7.1,0.38,0.558,17.5,0.609,27.2,1.8,-0.3,1.6,1.5,20482758.0,26.391891891891888,3.0405405405405403,3.77027027027027,0.4864864864864865,1.337837837837838,0.2432432432432432,2.3108108108108105,2.675675675675676,49.00135135135135,60.10219593851349,False,0.0132799403114109,13.27994031141098,51.0,203.0,1626181.0,https://cdn.nba.com/headshots/nba/latest/1040x760/1626181.png
Stephon Castle,SAS,PG,68.0,30.0,16.7,7.4,1.4,3.9,5.3,1.1,0.3,3.2,3.3,0.471,1.2,3.6,0.332,0.521,17.4,0.575,24.9,1.0,0.9,1.9,2.0,9560520.0,20.04,8.88,4.68,1.6799999999999995,1.32,0.36,3.84,3.96,49.458000000000006,59.5823444625,False,0.0192697832997339,19.26978329973396,52.0,105.0,1642264.0,https://cdn.nba.com/headshots/nba/latest/1040x760/1642264.png
Tyler Herro,MIA,SG,33.0,31.3,20.5,4.1,0.4,4.4,4.8,0.7,0.4,1.9,1.9,0.48,2.5,6.7,0.378,0.561,17.1,0.602,24.7,2.4,-0.4,2.0,1.1,31000000.0,23.578274760383387,4.715654952076677,5.060702875399362,0.4600638977635783,0.805111821086262,0.4600638977635783,2.1853035143769968,2.1853035143769968,49.08881789137381,59.56988010479234,False,0.0106990663079199,10.699066307919995,53.0,278.0,1629639.0,https://cdn.nba.com/headshots/nba/latest/1040x760/1629639.png
Jarrett Allen,CLE,C,56.0,27.1,15.4,1.8,2.6,5.9,8.5,1.0,0.8,1.3,1.7,0.638,0.0,0.2,0.1,0.639,22.1,0.669,19.9,2.2,0.4,2.6,1.8,20000000.0,20.457564575645755,2.3911439114391144,7.837638376383763,3.453874538745388,1.328413284132841,1.062730627306273,1.726937269372694,2.2583025830258303,49.3970479704797,59.20223041937269,False,0.0132380211637323,13.238021163732322,54.0,205.0,1628386.0,https://cdn.nba.com/headshots/nba/latest/1040x760/1628386.png
De'Aaron Fox,SAS,PG,72.0,31.0,18.6,6.2,0.6,3.2,3.8,1.2,0.3,2.3,2.3,0.486,1.8,5.5,0.332,0.549,17.6,0.578,24.9,1.5,0.6,2.2,2.4,37096620.0,21.6,7.2,3.7161290322580647,0.6967741935483871,1.3935483870967742,0.3483870967741935,2.670967741935484,2.670967741935484,48.82064516129034,59.19148709419356,False,0.0097183398085484,9.718339808548418,55.0,312.0,1628368.0,https://cdn.nba.com/headshots/nba/latest/1040x760/1628368.png
Brandon Miller,CHO,SF,65.0,30.3,20.2,3.3,1.1,3.8,4.9,1.0,0.7,2.5,2.8,0.435,3.1,8.2,0.383,0.533,16.8,0.574,28.1,1.7,-0.1,1.6,1.8,11968800.0,24.0,3.92079207920792,4.514851485148514,1.306930693069307,1.188118811881188,0.8316831683168316,2.9702970297029703,3.3267326732673266,48.11287128712871,59.18273852376237,False,0.0171068383730225,17.10683837302253,56.0,132.0,1641706.0,https://cdn.nba.com/headshots/nba/latest/1040x760/1641706.png
Kevin Porter Jr.,MIL,PG,38.0,33.2,17.4,7.4,0.9,4.3,5.2,2.2,0.5,2.9,2.3,0.465,1.2,3.8,0.322,0.51,18.7,0.567,24.3,0.8,1.2,2.1,1.3,5134000.0,18.867469879518072,8.024096385542169,4.662650602409638,0.9759036144578312,2.385542168674699,0.5421686746987951,3.144578313253012,2.4939759036144573,48.62168674698796,58.362244890361445,False,0.0257575206344294,25.75752063442944,57.0,56.0,1629645.0,https://cdn.nba.com/headshots/nba/latest/1040x760/1629645.png
Darius Garland,2TM,PG,45.0,29.9,18.8,6.7,0.4,2.0,2.4,1.0,0.2,2.9,1.9,0.46,2.7,6.8,0.396,0.551,17.1,0.582,27.4,2.2,-2.4,-0.2,0.6,39446090.0,22.635451505016725,8.066889632107024,2.4080267558528425,0.4816053511705686,1.2040133779264213,0.2408026755852843,3.4916387959866224,2.2876254180602005,48.90702341137124,57.17269730568562,True,0.0091030452446543,9.103045244654304,58.0,331.0,1629636.0,https://cdn.nba.com/headshots/nba/latest/1040x760/1629636.png
Coby White,2TM,SG,50.0,25.0,17.4,4.0,0.3,3.1,3.4,0.5,0.1,2.6,2.2,0.446,2.3,6.4,0.362,0.539,16.1,0.595,28.8,0.6,-1.9,-1.3,0.2,12888889.0,25.056,5.76,4.464,0.432,0.72,0.144,3.744,3.168,49.4064,57.015426756,True,0.0158812483606928,15.881248360692869,59.0,154.0,1629632.0,https://cdn.nba.com/headshots/nba/latest/1040x760/1629632.png
Jalen Green,PHO,SG,32.0,25.9,17.8,2.8,0.5,3.1,3.6,1.1,0.3,2.3,1.3,0.422,2.2,7.1,0.313,0.491,14.8,0.516,31.9,-0.2,-0.9,-1.1,0.2,33584499.0,24.741312741312743,3.891891891891892,4.308880308880309,0.6949806949806949,1.5289575289575292,0.416988416988417,3.196911196911197,1.8069498069498071,48.73899613899614,56.9781871945946,False,0.0098319393457569,9.831939345756949,60.0,306.0,1630224.0,https://cdn.nba.com/headshots/nba/latest/1040x760/1630224.png
Donovan Clingan,POR,C,77.0,27.2,12.1,2.1,4.5,7.1,11.6,0.6,1.7,1.2,2.4,0.52,1.1,3.2,0.341,0.582,20.9,0.604,16.9,2.4,0.6,3.0,2.6,7178400.0,16.014705882352942,2.7794117647058822,9.397058823529411,5.955882352941177,0.7941176470588236,2.25,1.5882352941176472,3.1764705882352944,48.69926470588236,56.65540282279411,False,0.021145964772854,21.14596477285403,61.0,85.0,1642270.0,https://cdn.nba.com/headshots/nba/latest/1040x760/1642270.png
Trey Murphy III,NOP,SF,66.0,35.5,21.5,3.8,1.0,4.8,5.7,1.5,0.4,1.8,2.1,0.47,3.2,8.6,0.379,0.572,18.3,0.613,22.7,3.0,-0.6,2.4,2.6,25000000.0,21.80281690140845,3.853521126760563,4.867605633802817,1.0140845070422535,1.5211267605633805,0.4056338028169014,1.8253521126760563,2.1295774647887327,46.69859154929577,56.572558998591546,False,0.0113145117997183,11.31451179971831,62.0,262.0,1630530.0,https://cdn.nba.com/headshots/nba/latest/1040x760/1630530.png
Kel'el Ware,MIA,C,77.0,22.1,11.1,0.7,2.8,6.2,9.0,0.8,1.1,0.8,1.5,0.53,1.2,3.0,0.395,0.601,20.0,0.616,18.0,2.1,0.1,2.1,1.8,4443360.0,18.081447963800905,1.1402714932126696,10.099547511312217,4.561085972850679,1.3031674208144794,1.7918552036199096,1.3031674208144794,2.443438914027149,48.97466063348416,56.46787107692308,False,0.0267883314593944,26.78833145939444,63.0,48.0,1642276.0,https://cdn.nba.com/headshots/nba/latest/1040x760/1642276.png
Jrue Holiday,POR,PG,53.0,29.4,16.3,6.1,1.3,3.3,4.6,1.0,0.1,2.8,1.5,0.451,2.6,6.8,0.378,0.548,16.4,0.573,23.5,2.4,-0.5,1.9,1.6,32400000.0,19.95918367346939,7.469387755102041,4.040816326530612,1.5918367346938775,1.2244897959183674,0.1224489795918367,3.4285714285714284,1.836734693877551,47.34489795918368,56.44093280357144,False,0.0099156611624332,9.915661162433254,64.0,305.0,201950.0,https://cdn.nba.com/headshots/nba/latest/1040x760/201950.png
Nikola Vučević,2TM,C,64.0,28.4,15.1,3.3,2.0,6.4,8.4,0.6,0.6,1.3,2.0,0.493,1.6,4.2,0.369,0.556,17.7,0.574,21.4,1.4,0.1,1.5,1.6,21481481.0,19.140845070422536,4.183098591549296,8.11267605633803,2.535211267605634,0.7605633802816901,0.7605633802816901,1.647887323943662,2.535211267605634,48.41619718309859,56.00572907323944,True,0.012083711429019,12.083711429019008,65.0,238.0,202696.0,https://cdn.nba.com/headshots/nba/latest/1040x760/202696.png
Brandon Ingram,TOR,SF,77.0,33.8,21.5,3.7,0.8,4.8,5.6,0.8,0.7,2.4,1.9,0.477,1.8,4.6,0.382,0.529,16.3,0.573,26.9,1.0,-0.5,0.5,1.7,38095238.0,22.89940828402367,3.940828402366865,5.112426035502959,0.8520710059171599,0.8520710059171599,0.7455621301775148,2.5562130177514795,2.0236686390532546,47.305917159763325,55.97477394807694,False,0.0090689499015732,9.068949901573244,66.0,332.0,1627742.0,https://cdn.nba.com/headshots/nba/latest/1040x760/1627742.png
Shaedon Sharpe,POR,SG,50.0,29.4,20.8,2.6,1.0,3.3,4.3,1.4,0.1,2.9,2.0,0.452,2.1,6.1,0.337,0.511,15.3,0.546,30.5,-0.4,-0.9,-1.4,0.2,8399983.0,25.46938775510204,3.183673469387755,4.040816326530612,1.2244897959183674,1.7142857142857142,0.1224489795918367,3.5510204081632653,2.4489795918367347,48.04897959183673,55.57219628571428,False,0.0191742487594157,19.1742487594157,67.0,108.0,1631101.0,https://cdn.nba.com/headshots/nba/latest/1040x760/1631101.png
Isaiah Hartenstein,OKC,C,47.0,24.2,9.2,3.5,3.2,6.3,9.4,1.0,0.8,1.7,2.5,0.622,0.0,0.1,0.0,0.622,19.8,0.631,16.1,1.0,3.2,4.2,1.8,28500000.0,13.68595041322314,5.206611570247935,9.371900826446282,4.760330578512397,1.487603305785124,1.1900826446280992,2.5289256198347108,3.71900826446281,45.86280991735537,55.34501244917355,False,0.0103670706803416,10.367070680341632,68.0,293.0,1628392.0,https://cdn.nba.com/headshots/nba/latest/1040x760/1628392.png
RJ Barrett,TOR,SF,57.0,30.3,19.3,3.3,1.0,4.3,5.3,0.7,0.3,1.7,2.6,0.491,1.7,5.0,0.339,0.55,17.0,0.585,25.8,1.0,-0.7,0.2,1.0,27705357.0,22.930693069306933,3.92079207920792,5.108910891089109,1.188118811881188,0.8316831683168316,0.3564356435643564,2.01980198019802,3.089108910891089,47.26930693069307,55.2467077128713,False,0.0104960170404255,10.496017040425595,69.0,287.0,1629628.0,https://cdn.nba.com/headshots/nba/latest/1040x760/1629628.png
Robert Williams,POR,C,59.0,17.1,6.7,1.0,2.4,4.6,7.0,0.6,1.5,0.8,1.3,0.708,0.2,0.4,0.391,0.726,22.1,0.722,13.1,2.0,2.4,4.5,1.7,13285713.0,14.105263157894736,2.1052631578947367,9.684210526315788,5.052631578947368,1.263157894736842,3.1578947368421053,1.6842105263157894,2.736842105263157,45.64210526315788,54.97928513684209,False,0.0150836572555098,15.08365725550989,70.0,176.0,1629057.0,https://cdn.nba.com/headshots/nba/latest/1040x760/1629057.png
Aaron Gordon,DEN,PF,36.0,27.9,16.2,2.7,1.4,4.4,5.8,0.6,0.3,1.1,1.7,0.497,1.7,4.4,0.389,0.574,18.5,0.62,21.9,2.9,-1.2,1.7,0.9,22841455.0,20.903225806451616,3.483870967741936,5.67741935483871,1.806451612903226,0.7741935483870969,0.3870967741935484,1.4193548387096775,2.193548387096774,46.0967741935484,54.537711451612914,False,0.0114112974860754,11.411297486075492,71.0,257.0,203932.0,https://cdn.nba.com/headshots/nba/latest/1040x760/203932.png
Collin Sexton,2TM,SG,68.0,23.7,15.4,3.3,0.6,1.7,2.3,1.1,0.1,2.1,2.1,0.485,1.6,4.1,0.401,0.561,17.4,0.615,25.9,1.1,-0.5,0.6,1.1,18975000.0,23.392405063291143,5.012658227848101,2.5822784810126582,0.9113924050632912,1.6708860759493671,0.1518987341772152,3.189873417721519,3.189873417721519,45.85822784810127,54.49032632278482,True,0.0125091706286333,12.509170628633306,72.0,229.0,1629012.0,https://cdn.nba.com/headshots/nba/latest/1040x760/1629012.png
Brandon Williams,DAL,PG,66.0,22.2,13.0,3.9,0.5,2.4,2.9,0.9,0.3,1.9,1.6,0.472,0.5,2.3,0.232,0.501,16.8,0.572,25.1,0.1,0.3,0.4,0.9,2270735.0,21.08108108108108,6.324324324324325,3.891891891891892,0.8108108108108109,1.4594594594594597,0.4864864864864865,3.081081081081081,2.5945945945945947,46.63783783783784,54.15623461621621,False,0.0359389375459882,35.93893754598822,73.0,9.0,1585.0,https://cdn.nba.com/headshots/nba/latest/1040x760/1585.png
Brandon Williams,DAL,PG,66.0,22.2,13.0,3.9,0.5,2.4,2.9,0.9,0.3,1.9,1.6,0.472,0.5,2.3,0.232,0.501,16.8,0.572,25.1,0.1,0.3,0.4,0.9,2270735.0,21.08108108108108,6.324324324324325,3.891891891891892,0.8108108108108109,1.4594594594594597,0.4864864864864865,3.081081081081081,2.5945945945945947,46.63783783783784,54.15623461621621,False,0.0359389375459882,35.93893754598822,73.0,9.0,1630314.0,https://cdn.nba.com/headshots/nba/latest/1040x760/1630314.png
Russell Westbrook,SAC,SF,64.0,29.0,15.2,6.7,1.3,4.2,5.4,1.3,0.2,3.3,2.3,0.427,2.0,5.9,0.338,0.503,15.1,0.528,25.9,0.6,-1.0,-0.4,0.7,2296274.0,18.868965517241374,8.317241379310346,5.2137931034482765,1.6137931034482758,1.6137931034482758,0.2482758620689655,4.096551724137931,2.8551724137931034,47.81172413793104,54.119944535172415,False,0.035714575179317,35.71457517931707,74.0,11.0,201566.0,https://cdn.nba.com/headshots/nba/latest/1040x760/201566.png
Kon Knueppel,CHO,SF,81.0,31.5,18.5,3.4,1.2,4.1,5.3,0.7,0.2,2.0,2.1,0.475,3.4,7.9,0.425,0.601,17.1,0.633,22.3,3.1,-0.4,2.8,3.1,10015680.0,21.142857142857142,3.885714285714285,4.685714285714285,1.3714285714285712,0.7999999999999999,0.2285714285714285,2.2857142857142856,2.4,44.04571428571428,54.06400767428571,False,0.0170831524232757,17.0831524232757,75.0,134.0,1642851.0,https://cdn.nba.com/headshots/nba/latest/1040x760/1642851.png
Day'Ron Sharpe,BRK,C,62.0,18.7,8.7,2.3,2.8,3.9,6.7,1.1,0.4,1.7,2.4,0.601,0.1,0.6,0.231,0.614,20.5,0.638,19.9,0.4,1.0,1.4,1.0,6250000.0,16.748663101604276,4.427807486631016,7.508021390374331,5.3903743315508015,2.117647058823529,0.770053475935829,3.272727272727273,4.620320855614974,46.684491978609614,53.9858679946524,False,0.0215943471978609,21.594347197860955,76.0,77.0,1630549.0,https://cdn.nba.com/headshots/nba/latest/1040x760/1630549.png
Paul George,PHI,PF,37.0,30.7,17.3,3.6,0.5,4.8,5.3,1.7,0.4,1.7,2.3,0.439,2.7,6.9,0.392,0.536,16.7,0.57,23.3,1.0,0.7,1.7,1.1,51666090.0,20.286644951140065,4.221498371335505,5.628664495114006,0.5863192182410424,1.993485342019544,0.4690553745928339,1.993485342019544,2.6970684039087947,45.51596091205212,53.93877155863193,False,0.0075040937861795,7.504093786179513,77.0,360.0,202331.0,https://cdn.nba.com/headshots/nba/latest/1040x760/202331.png
Jusuf Nurkić,UTA,C,41.0,26.4,10.9,4.8,2.6,7.8,10.4,1.3,0.5,2.5,3.3,0.503,0.6,1.7,0.352,0.538,16.4,0.548,19.3,-0.5,1.6,1.1,0.9,19375000.0,14.863636363636363,6.545454545454546,10.636363636363637,3.545454545454546,1.772727272727273,0.6818181818181819,3.409090909090909,4.5,48.150000000000006,53.72860665,False,0.0122063191937892,12.206319193789218,78.0,235.0,203994.0,https://cdn.nba.com/headshots/nba/latest/1040x760/203994.png
Jalen Suggs,ORL,PG,57.0,27.6,13.8,5.5,0.6,3.2,3.9,1.8,0.7,2.7,2.5,0.435,2.1,6.3,0.339,0.529,15.6,0.561,22.9,0.7,1.8,2.5,1.8,35000000.0,18.0,7.173913043478261,4.173913043478261,0.7826086956521738,2.347826086956521,0.9130434782608696,3.5217391304347827,3.260869565217391,44.43260869565217,53.6224818701087,False,0.009063853740325,9.063853740325024,79.0,333.0,1630591.0,https://cdn.nba.com/headshots/nba/latest/1040x760/1630591.png
Immanuel Quickley,TOR,PG,70.0,31.9,16.4,5.9,0.5,3.5,4.0,1.3,0.1,1.5,2.0,0.443,2.5,6.8,0.374,0.541,16.6,0.577,21.1,1.9,0.6,2.4,2.5,32500000.0,18.507836990595614,6.6583072100313485,3.949843260188088,0.5642633228840126,1.4670846394984327,0.1128526645768025,1.6927899686520378,2.2570532915360504,44.46394984326019,53.01379988087773,False,0.0092992356638923,9.29923566389237,80.0,328.0,1630193.0,https://cdn.nba.com/headshots/nba/latest/1040x760/1630193.png
Nickeil Alexander-Walker,ATL,SG,78.0,33.4,20.8,3.7,0.7,2.8,3.4,1.3,0.5,2.1,2.2,0.459,3.2,8.1,0.399,0.564,16.5,0.61,23.9,1.6,-0.4,1.2,2.1,15161800.0,22.41916167664671,3.988023952095809,3.0179640718562872,0.7544910179640718,1.401197604790419,0.5389221556886228,2.263473053892216,2.37125748502994,44.64431137724552,52.970081982035936,False,0.0136036441618278,13.603644161827814,81.0,197.0,1629638.0,https://cdn.nba.com/headshots/nba/latest/1040x760/1629638.png
CJ McCollum,2TM,PG,76.0,29.8,18.7,3.9,0.8,2.5,3.3,0.8,0.5,1.8,1.9,0.455,2.5,6.7,0.375,0.538,15.9,0.566,25.7,1.4,-1.7,-0.3,1.0,30666666.0,22.59060402684564,4.711409395973154,3.02013422818792,0.9664429530201342,0.9664429530201342,0.6040268456375839,2.174496644295302,2.2953020134228184,46.10536912751678,52.706747334563765,True,0.0095177202153248,9.51772021532481,82.0,321.0,203468.0,https://cdn.nba.com/headshots/nba/latest/1040x760/203468.png
Tre Jones,CHI,PG,65.0,27.0,14.1,5.4,0.6,2.6,3.1,1.2,0.2,1.4,1.4,0.553,0.6,2.0,0.315,0.586,18.7,0.637,19.2,1.2,0.1,1.3,1.5,8000000.0,18.8,7.2,3.466666666666667,0.8,1.6,0.2666666666666666,1.8666666666666667,1.8666666666666667,45.98000000000001,52.699896230000014,False,0.0186322269960301,18.63222699603019,83.0,113.0,1630200.0,https://cdn.nba.com/headshots/nba/latest/1040x760/1630200.png
Jaren Jackson Jr.,2TM,C,48.0,30.3,19.4,2.0,0.9,4.8,5.7,1.1,1.4,2.2,3.7,0.476,1.8,4.9,0.357,0.534,15.7,0.576,26.2,-1.1,0.5,-0.6,0.5,35000000.0,23.04950495049505,2.376237623762376,5.702970297029703,1.0693069306930694,1.306930693069307,1.6633663366336633,2.613861386138614,4.396039603960396,46.05742574257426,52.56935515247526,True,0.0088858428350897,8.885842835089788,84.0,336.0,1628991.0,https://cdn.nba.com/headshots/nba/latest/1040x760/1628991.png
Grayson Allen,PHO,SG,51.0,28.8,16.5,3.8,0.7,2.3,3.0,1.4,0.3,1.6,2.3,0.403,3.1,8.9,0.349,0.522,16.1,0.568,23.8,1.9,0.2,2.1,1.5,16875000.0,20.625,4.75,2.875,0.8749999999999999,1.7499999999999998,0.375,2.0,2.875,43.475,52.437433600000006,False,0.0127649623290663,12.764962329066371,85.0,226.0,1628960.0,https://cdn.nba.com/headshots/nba/latest/1040x760/1628960.png
Amen Thompson,HOU,PG,79.0,37.4,18.3,5.3,3.0,4.8,7.8,1.5,0.6,2.4,2.2,0.534,0.3,1.5,0.216,0.545,18.9,0.594,20.0,1.6,1.0,2.6,3.4,9690600.0,17.614973262032088,5.101604278074866,4.620320855614974,2.8877005347593583,1.4438502673796791,0.5775401069518717,2.310160427807487,2.117647058823529,44.04224598930481,52.387209665775394,False,0.0168286753836386,16.82867538363865,86.0,140.0,1641708.0,https://cdn.nba.com/headshots/nba/latest/1040x760/1641708.png
Mark Williams,PHO,C,60.0,23.6,11.7,1.0,3.1,4.9,8.0,0.9,0.9,1.1,2.2,0.644,0.0,0.0,1.0,0.645,21.8,0.68,17.4,1.5,0.5,2.0,1.4,6276531.0,17.847457627118644,1.5254237288135593,7.474576271186441,4.728813559322033,1.3728813559322033,1.3728813559322033,1.6779661016949152,3.3559322033898304,44.90847457627118,52.205317423728815,False,0.0208379456838311,20.83794568383113,87.0,88.0,1631109.0,https://cdn.nba.com/headshots/nba/latest/1040x760/1631109.png
Desmond Bane,ORL,SG,82.0,33.6,20.1,4.1,1.2,2.9,4.1,1.0,0.5,2.0,3.1,0.484,2.0,5.2,0.391,0.553,16.9,0.607,23.3,1.6,-0.2,1.4,2.3,36725670.0,21.535714285714285,4.392857142857142,3.107142857142857,1.2857142857142856,1.0714285714285714,0.5357142857142857,2.142857142857143,3.321428571428572,43.9125,52.118324540625,False,0.0086001412087993,8.600141208799398,88.0,345.0,1630217.0,https://cdn.nba.com/headshots/nba/latest/1040x760/1630217.png
Derrick White,BOS,SG,77.0,34.1,16.5,5.4,1.1,3.3,4.4,1.1,1.3,1.7,1.5,0.394,2.7,8.3,0.327,0.489,16.0,0.529,22.0,2.2,1.0,3.2,3.5,28100000.0,17.419354838709676,5.700879765395895,3.4838709677419355,1.161290322580645,1.161290322580645,1.372434017595308,1.7947214076246334,1.5835777126099706,42.75659824046921,52.02498343108505,False,0.0098142878288419,9.814287828841934,89.0,307.0,1628401.0,https://cdn.nba.com/headshots/nba/latest/1040x760/1628401.png
Sandro Mamukelashvili,TOR,C,80.0,21.9,11.2,1.9,1.4,3.6,4.9,0.8,0.5,0.8,1.8,0.523,1.4,3.7,0.389,0.614,18.1,0.637,18.8,2.1,0.7,2.8,2.1,2461463.0,18.410958904109588,3.1232876712328768,5.917808219178083,2.3013698630136985,1.315068493150685,0.8219178082191781,1.315068493150685,2.9589041095890414,43.479452054794514,52.00572275342465,False,0.0331477824895236,33.147782489523664,90.0,18.0,1630572.0,https://cdn.nba.com/headshots/nba/latest/1040x760/1630572.png
Marvin Bagley III,2TM,PF,60.0,20.0,10.5,1.4,2.5,3.6,6.1,0.5,0.7,1.0,2.1,0.618,0.4,0.9,0.462,0.647,20.2,0.661,18.6,1.8,-1.0,0.8,0.8,2296274.0,18.9,2.52,6.48,4.5,0.9,1.2599999999999998,1.8,3.78,45.60300000000001,51.527425197000014,True,0.0340037322063199,34.00373220631999,91.0,15.0,1628963.0,https://cdn.nba.com/headshots/nba/latest/1040x760/1628963.png
Bobby Portis,MIL,PF,67.0,24.2,13.7,1.6,1.3,5.1,6.4,0.6,0.2,1.0,1.6,0.488,2.0,4.4,0.456,0.578,17.1,0.587,23.1,1.5,-1.6,0.0,0.8,13445754.0,20.3801652892562,2.3801652892561984,7.586776859504132,1.9338842975206607,0.8925619834710744,0.2975206611570248,1.487603305785124,2.3801652892561984,45.66198347107438,51.51821237541323,False,0.0140497373165512,14.0497373165512,92.0,191.0,1626171.0,https://cdn.nba.com/headshots/nba/latest/1040x760/1626171.png
Jaime Jaquez Jr.,MIA,SF,75.0,28.3,15.4,4.7,1.3,3.7,5.0,0.7,0.3,2.0,1.8,0.507,0.8,2.4,0.317,0.539,15.7,0.57,22.3,0.3,-0.1,0.1,1.1,3861600.0,19.59010600706714,5.978798586572439,4.7067137809187285,1.6537102473498233,0.8904593639575972,0.381625441696113,2.544169611307421,2.2897526501766783,45.75053003533569,51.47665727385159,False,0.0261955001343075,26.195500134307565,93.0,51.0,1631170.0,https://cdn.nba.com/headshots/nba/latest/1040x760/1631170.png
Dylan Harper,SAS,SG,69.0,22.6,11.8,3.9,0.8,2.6,3.4,0.8,0.3,1.4,2.0,0.505,0.9,2.6,0.343,0.551,16.2,0.574,21.8,0.3,1.1,1.4,1.3,12370320.0,18.79646017699115,6.212389380530973,4.141592920353983,1.2743362831858407,1.2743362831858407,0.4778761061946902,2.230088495575221,3.185840707964602,44.25132743362832,51.41624586902656,False,0.014618738467402,14.618738467402087,94.0,183.0,1642844.0,https://cdn.nba.com/headshots/nba/latest/1040x760/1642844.png
Payton Pritchard,BOS,PG,79.0,32.4,17.0,5.2,0.9,3.1,3.9,0.7,0.1,1.4,1.5,0.464,2.7,7.1,0.377,0.561,17.1,0.584,21.4,2.6,-0.3,2.3,2.8,7232143.0,18.88888888888889,5.777777777777779,3.4444444444444446,1.0,0.7777777777777777,0.1111111111111111,1.5555555555555554,1.6666666666666667,43.06666666666666,51.38078826666666,False,0.0191058894444247,19.10588944442477,95.0,110.0,1630202.0,https://cdn.nba.com/headshots/nba/latest/1040x760/1630202.png
Santi Aldama,MEM,PF,43.0,27.9,14.0,2.9,1.6,5.1,6.7,0.9,0.7,1.3,1.6,0.479,1.6,4.7,0.35,0.553,16.3,0.572,20.2,1.3,0.4,1.7,1.1,18485916.0,18.06451612903226,3.741935483870968,6.580645161290323,2.0645161290322585,1.161290322580645,0.903225806451613,1.6774193548387095,2.0645161290322585,44.49032258064518,51.36638358709679,False,0.0119469900770964,11.946990077096403,96.0,245.0,1630583.0,https://cdn.nba.com/headshots/nba/latest/1040x760/1630583.png
Ryan Rollins,MIL,PG,74.0,32.1,17.3,5.6,0.7,3.8,4.6,1.5,0.4,2.7,2.6,0.472,2.5,6.1,0.406,0.561,16.2,0.583,24.2,0.7,-0.5,0.2,1.3,4000000.0,19.401869158878505,6.280373831775701,4.261682242990654,0.7850467289719626,1.6822429906542056,0.4485981308411215,3.02803738317757,2.9158878504672896,44.495327102803735,51.111839242990655,False,0.0255559196214953,25.555919621495327,97.0,58.0,1631157.0,https://cdn.nba.com/headshots/nba/latest/1040x760/1631157.png
Andrew Nembhard,IND,PG,57.0,31.3,16.9,7.7,0.4,2.4,2.8,0.9,0.1,2.4,2.2,0.442,1.9,5.2,0.361,0.513,15.7,0.564,23.6,1.1,-1.9,-0.8,0.6,18102000.0,19.43769968051118,8.856230031948883,2.760383386581469,0.4600638977635783,1.035143769968051,0.1150159744408945,2.760383386581469,2.530351437699681,46.10990415335464,50.9284455028754,False,0.0119700824009173,11.970082400917306,98.0,243.0,1629614.0,https://cdn.nba.com/headshots/nba/latest/1040x760/1629614.png
Miles Bridges,CHO,PF,77.0,31.0,17.1,3.2,1.0,4.9,5.8,0.6,0.4,1.4,1.7,0.46,1.9,5.8,0.333,0.531,16.0,0.57,22.3,1.2,-0.1,1.1,1.9,25000000.0,19.858064516129037,3.7161290322580647,5.690322580645162,1.161290322580645,0.6967741935483871,0.4645161290322581,1.6258064516129032,1.9741935483870967,43.92580645161289,50.78551691129031,False,0.010157103382258,10.15710338225806,99.0,297.0,1628970.0,https://cdn.nba.com/headshots/nba/latest/1040x760/1628970.png
Cam Spencer,MEM,SG,72.0,23.8,11.1,5.6,0.6,2.0,2.5,0.7,0.2,1.3,1.4,0.473,2.0,4.5,0.449,0.604,17.2,0.649,17.2,3.0,-0.8,2.2,1.8,2537989.0,16.789915966386552,8.470588235294116,3.0252100840336134,0.907563025210084,1.0588235294117645,0.3025210084033613,1.9663865546218489,2.117647058823529,43.73697478991597,50.78171270294119,False,0.0318759015190927,31.87590151909273,100.0,21.0,1642285.0,https://cdn.nba.com/headshots/nba/latest/1040x760/1642285.png
Ajay Mitchell,OKC,SG,57.0,25.8,13.6,3.6,0.7,2.6,3.3,1.2,0.3,1.4,2.1,0.485,1.1,3.1,0.347,0.536,16.8,0.585,21.8,0.3,1.6,1.9,1.4,3000000.0,18.97674418604651,5.023255813953488,3.627906976744186,0.9767441860465116,1.6744186046511629,0.4186046511627906,1.953488372093023,2.930232558139535,42.411627906976754,50.2405409651163,False,0.0290063898504423,29.00638985044232,101.0,31.0,1642349.0,https://cdn.nba.com/headshots/nba/latest/1040x760/1642349.png
Reed Sheppard,HOU,SG,82.0,26.2,13.5,3.4,0.3,2.6,2.9,1.5,0.7,1.5,2.0,0.43,2.8,7.0,0.394,0.55,15.7,0.564,21.7,1.2,1.5,2.7,2.5,10603560.0,18.549618320610687,4.67175572519084,3.5725190839694663,0.4122137404580153,2.0610687022900764,0.9618320610687022,2.0610687022900764,2.7480916030534357,41.50992366412214,50.15702318015266,False,0.0154030208793676,15.40302087936766,102.0,167.0,1642263.0,https://cdn.nba.com/headshots/nba/latest/1040x760/1642263.png
DeMar DeRozan,SAC,PF,77.0,31.2,18.4,4.1,0.5,2.5,2.9,1.0,0.3,1.2,1.9,0.497,0.6,1.9,0.32,0.52,17.8,0.594,22.8,0.9,-1.0,-0.1,1.1,24570000.0,21.23076923076923,4.730769230769231,2.884615384615385,0.576923076923077,1.153846153846154,0.3461538461538461,1.3846153846153846,2.192307692307692,44.342307692307685,49.96935656538461,False,0.0100809434610384,10.080943461038451,103.0,301.0,201942.0,https://cdn.nba.com/headshots/nba/latest/1040x760/201942.png
Keldon Johnson,SAS,SF,82.0,23.3,13.2,1.4,1.7,3.7,5.4,0.6,0.1,0.9,2.0,0.519,1.2,3.3,0.363,0.582,17.3,0.613,21.0,1.2,-0.3,0.9,1.4,17500000.0,20.39484978540772,2.1630901287553645,5.716738197424892,2.6266094420600856,0.927038626609442,0.1545064377682403,1.390557939914163,3.0901287553648067,43.52446351931331,49.94266967381974,False,0.0119385815241373,11.938581524137314,104.0,246.0,1629640.0,https://cdn.nba.com/headshots/nba/latest/1040x760/1629640.png
Naz Reid,MIN,C,77.0,26.1,13.6,2.2,1.2,5.0,6.2,1.0,1.0,1.6,2.5,0.456,2.1,5.8,0.362,0.549,15.4,0.565,22.1,-0.1,1.0,0.9,1.5,21551724.0,18.75862068965517,3.03448275862069,6.896551724137931,1.6551724137931032,1.379310344827586,1.379310344827586,2.206896551724138,3.4482758620689653,43.57241379310344,49.94102994827586,False,0.0107576271108046,10.757627110804624,105.0,276.0,1629675.0,https://cdn.nba.com/headshots/nba/latest/1040x760/1629675.png
Gary Payton II,GSW,SG,73.0,15.6,7.5,1.7,1.4,2.2,3.6,0.9,0.3,0.8,1.8,0.583,0.5,1.7,0.291,0.628,18.3,0.632,18.4,0.7,1.3,1.9,1.1,2296274.0,17.307692307692307,3.9230769230769234,5.0769230769230775,3.230769230769231,2.076923076923077,0.6923076923076923,1.8461538461538465,4.153846153846154,42.85384615384616,49.88090778461539,False,0.0329171703036105,32.91717030361057,106.0,19.0,1627780.0,https://cdn.nba.com/headshots/nba/latest/1040x760/1627780.png
Saddiq Bey,NOP,SF,72.0,31.2,17.7,2.5,1.7,3.9,5.6,0.9,0.1,0.9,1.3,0.451,2.1,5.7,0.367,0.529,17.1,0.579,21.6,2.3,-1.8,0.5,1.4,6118644.0,20.423076923076923,2.884615384615385,4.5,1.9615384615384617,1.0384615384615383,0.1153846153846153,1.0384615384615383,1.5000000000000002,44.00192307692308,49.75509573750001,False,0.0201145339040112,20.11453390401121,107.0,92.0,1630180.0,https://cdn.nba.com/headshots/nba/latest/1040x760/1630180.png
Derik Queen,NOP,C,81.0,25.0,11.7,3.7,1.7,5.4,7.1,1.0,0.9,2.3,2.7,0.473,0.3,1.1,0.261,0.489,15.9,0.546,21.8,-1.5,0.7,-0.8,0.6,5157960.0,16.848,5.328000000000001,7.776000000000001,2.4480000000000004,1.44,1.2960000000000005,3.312,3.888,45.043200000000006,48.66201162240001,False,0.0214264920063398,21.426492006339892,108.0,79.0,1642852.0,https://cdn.nba.com/headshots/nba/latest/1040x760/1642852.png
GG Jackson II,MEM,PF,55.0,21.4,12.5,1.5,0.9,3.4,4.3,0.6,0.8,1.5,1.4,0.496,1.2,3.5,0.332,0.558,15.6,0.591,23.5,0.0,-1.2,-1.2,0.2,2221677.0,21.02803738317757,2.5233644859813085,5.7196261682243,1.5140186915887852,1.0093457943925233,1.3457943925233646,2.5233644859813085,2.355140186915888,44.31869158878504,48.58187638668224,False,0.03259371210145,32.593712101450066,109.0,20.0,,
Ayo Dosunmu,2TM,SG,69.0,27.3,14.8,3.6,0.7,2.8,3.4,0.8,0.3,1.4,1.9,0.517,1.8,4.1,0.439,0.599,16.5,0.63,20.2,1.3,-0.3,1.0,1.4,7518518.0,19.516483516483515,4.747252747252747,3.692307692307692,0.923076923076923,1.054945054945055,0.3956043956043956,1.846153846153846,2.505494505494505,42.2967032967033,48.55465945054946,True,0.0177078074341856,17.707807434185646,110.0,121.0,1630245.0,https://cdn.nba.com/headshots/nba/latest/1040x760/1630245.png
Moritz Wagner,ORL,C,36.0,11.9,6.9,0.8,0.8,2.4,3.2,0.4,0.1,0.5,1.6,0.426,0.6,1.9,0.314,0.482,15.3,0.545,24.3,-1.4,-0.8,-2.2,0.0,5000000.0,20.873949579831933,2.4201680672268906,7.260504201680671,2.4201680672268906,1.2100840336134453,0.3025210084033613,1.512605042016807,4.840336134453781,45.66554621848741,48.42176803991598,False,0.0216548729855957,21.654872985595777,111.0,76.0,1629021.0,https://cdn.nba.com/headshots/nba/latest/1040x760/1629021.png
Goga Bitadze,ORL,C,64.0,15.2,5.9,1.3,2.1,2.9,5.0,0.6,1.0,0.7,2.1,0.676,0.0,0.2,0.182,0.68,20.1,0.7,13.5,0.8,2.0,2.8,1.2,8333333.0,13.973684210526317,3.0789473684210527,6.86842105263158,4.973684210526316,1.4210526315789471,2.3684210526315788,1.657894736842105,4.973684210526316,41.577631578947376,48.225514638157904,False,0.0167058086490053,16.705808649005398,112.0,143.0,1629048.0,https://cdn.nba.com/headshots/nba/latest/1040x760/1629048.png
Onyeka Okongwu,ATL,C,74.0,31.0,15.2,3.1,1.9,5.7,7.6,1.1,1.1,1.7,3.3,0.48,1.9,5.2,0.376,0.564,15.9,0.592,19.5,-0.1,0.8,0.7,1.6,15000000.0,17.651612903225807,3.6,6.619354838709677,2.206451612903226,1.2774193548387096,1.2774193548387096,1.9741935483870967,3.832258064516129,43.02580645161291,48.1701421935484,False,0.012437477233337,12.437477233337075,113.0,230.0,1630168.0,https://cdn.nba.com/headshots/nba/latest/1040x760/1630168.png
Luka Garza,BOS,C,69.0,16.2,8.1,1.0,2.3,1.8,4.1,0.4,0.4,0.7,2.3,0.577,0.8,1.8,0.433,0.654,19.9,0.682,17.7,2.2,0.2,2.4,1.2,2461463.0,18.0,2.2222222222222223,4.0,5.111111111111111,0.888888888888889,0.888888888888889,1.5555555555555554,5.111111111111111,40.53333333333335,48.16248853333333,False,0.0306981541555824,30.69815415558243,114.0,26.0,1630568.0,https://cdn.nba.com/headshots/nba/latest/1040x760/1630568.png
Neemias Queta,BOS,C,76.0,25.3,10.2,1.7,3.0,5.3,8.4,0.8,1.3,1.0,2.8,0.653,0.0,0.1,0.125,0.654,20.3,0.674,14.7,0.9,2.0,2.8,2.4,2349578.0,14.51383399209486,2.4189723320158105,7.541501976284584,4.2687747035573125,1.1383399209486165,1.849802371541502,1.4229249011857708,3.9841897233201577,41.00869565217391,48.03633793043478,False,0.0313382656612298,31.338265661229844,115.0,23.0,1629674.0,https://cdn.nba.com/headshots/nba/latest/1040x760/1629674.png
Cedric Coward,MEM,SG,62.0,25.8,13.6,2.8,1.3,4.5,5.9,0.6,0.4,1.7,2.0,0.471,1.5,4.4,0.338,0.542,15.3,0.585,21.5,0.4,-0.6,-0.2,0.7,5715120.0,18.97674418604651,3.906976744186046,6.279069767441861,1.813953488372093,0.8372093023255813,0.5581395348837209,2.3720930232558137,2.7906976744186047,43.33255813953487,47.98357373546511,False,0.020071503871051,20.07150387105104,116.0,94.0,1642907.0,https://cdn.nba.com/headshots/nba/latest/1040x760/1642907.png
Ivica Zubac,2TM,C,48.0,30.1,14.1,2.2,3.4,7.2,10.6,0.4,0.8,1.8,2.3,0.598,0.0,0.0,0.0,0.598,18.6,0.622,19.2,0.7,-0.9,-0.3,0.6,18893980.0,16.86378737541528,2.631229235880399,8.611295681063122,4.0664451827242525,0.4784053156146179,0.956810631229236,2.1528239202657806,2.7508305647840525,43.86378737541528,47.94275313289037,True,0.0110296376308365,11.029637630836568,117.0,273.0,1627826.0,https://cdn.nba.com/headshots/nba/latest/1040x760/1627826.png
Josh Hart,NYK,SF,66.0,30.2,12.0,4.8,1.4,6.0,7.4,1.1,0.3,1.9,2.5,0.508,1.5,3.7,0.413,0.593,15.7,0.612,16.7,1.0,2.0,3.0,2.5,19472240.0,14.304635761589406,5.7218543046357615,7.152317880794703,1.6688741721854303,1.3112582781456956,0.3576158940397351,2.264900662251656,2.980132450331126,40.53576158940398,47.90978762185431,False,0.0108571612710695,10.857161271069502,118.0,274.0,1628404.0,https://cdn.nba.com/headshots/nba/latest/1040x760/1628404.png
Jerami Grant,POR,PF,57.0,29.7,18.6,2.1,1.0,2.5,3.5,0.7,0.6,2.1,2.5,0.453,2.4,6.1,0.389,0.547,15.4,0.608,23.8,0.9,-0.9,0.0,0.9,32000001.0,22.545454545454547,2.545454545454546,3.0303030303030303,1.2121212121212122,0.8484848484848485,0.7272727272727272,2.545454545454546,3.0303030303030303,41.66666666666666,47.69066666666667,False,0.0084305983180987,8.430598318098713,119.0,348.0,203924.0,https://cdn.nba.com/headshots/nba/latest/1040x760/203924.png
Kyle Filipowski,UTA,C,77.0,23.4,11.4,2.6,1.9,5.3,7.2,0.9,0.5,1.6,3.0,0.492,1.0,3.0,0.325,0.548,16.0,0.586,20.0,-0.6,-0.5,-1.1,0.4,3000000.0,17.53846153846154,4.0,8.153846153846153,2.923076923076924,1.3846153846153846,0.7692307692307693,2.4615384615384617,4.615384615384616,44.75384615384615,47.526645,False,0.0274395212844297,27.43952128442978,120.0,42.0,1642271.0,https://cdn.nba.com/headshots/nba/latest/1040x760/1642271.png
Bones Hyland,MIN,PG,71.0,16.6,8.5,2.6,0.3,1.5,1.8,0.6,0.2,1.0,1.7,0.453,1.6,4.2,0.388,0.577,15.1,0.599,20.6,1.2,0.5,1.7,1.1,2296274.0,18.433734939759034,5.63855421686747,3.2530120481927707,0.6506024096385542,1.3012048192771084,0.4337349397590361,2.1686746987951806,3.6867469879518064,40.56506024096385,47.5178296192771,False,0.0313577390529793,31.357739052979333,121.0,22.0,1630538.0,https://cdn.nba.com/headshots/nba/latest/1040x760/1630538.png
Micah Potter,IND,C,47.0,19.3,9.7,1.5,1.2,3.7,5.0,0.5,0.3,1.0,1.7,0.515,1.5,3.6,0.423,0.637,17.0,0.679,18.0,1.5,-0.8,0.7,0.6,1527805.0,18.09326424870466,2.7979274611398965,6.901554404145078,2.238341968911917,0.932642487046632,0.5595854922279793,1.865284974093264,3.170984455958549,41.85699481865285,47.1698158134715,False,0.0381619200141305,38.161920014130544,122.0,7.0,1630695.0,https://cdn.nba.com/headshots/nba/latest/1040x760/1630695.png
Dillon Brooks,PHO,SF,56.0,30.4,20.2,1.8,0.8,2.9,3.6,1.0,0.2,1.8,3.3,0.435,2.3,6.6,0.344,0.501,14.1,0.54,28.6,-1.0,-1.3,-2.3,-0.1,21124110.0,23.92105263157895,2.131578947368421,3.43421052631579,0.9473684210526316,1.1842105263157894,0.2368421052631579,2.131578947368421,3.907894736842105,43.04605263157895,47.16182684210527,False,0.0102612769487397,10.261276948739743,123.0,294.0,1628415.0,https://cdn.nba.com/headshots/nba/latest/1040x760/1628415.png
Collin Gillespie,PHO,PG,80.0,28.5,12.7,4.6,1.1,3.0,4.1,1.2,0.2,1.6,1.6,0.418,2.9,7.2,0.401,0.556,15.3,0.575,18.7,1.9,0.6,2.5,2.6,2296274.0,16.042105263157893,5.810526315789473,3.789473684210526,1.3894736842105264,1.5157894736842106,0.2526315789473684,2.0210526315789474,2.0210526315789474,40.01052631578947,47.056143355263146,False,0.0310530652598517,31.053065259851767,124.0,24.0,1631221.0,https://cdn.nba.com/headshots/nba/latest/1040x760/1631221.png
D'Angelo Russell,DAL,PG,26.0,19.0,10.2,4.0,0.3,2.0,2.3,0.5,0.1,1.9,1.2,0.405,1.3,4.3,0.295,0.476,12.3,0.511,26.0,-0.7,-1.6,-2.3,0.0,5685000.0,19.32631578947369,7.578947368421052,3.789473684210526,0.5684210526315789,0.9473684210526316,0.1894736842105263,3.6,2.273684210526316,44.15684210526316,46.92423586578947,False,0.0196803117918158,19.680311791815846,125.0,101.0,1626156.0,https://cdn.nba.com/headshots/nba/latest/1040x760/1626156.png
Matas Buzelis,CHI,PF,77.0,29.2,16.3,2.1,1.0,4.8,5.8,0.7,1.5,2.1,2.3,0.463,2.2,6.4,0.349,0.553,14.8,0.586,22.8,-0.6,-0.4,-1.0,0.5,5455560.0,20.095890410958905,2.589041095890411,5.917808219178082,1.2328767123287672,0.8630136986301369,1.8493150684931507,2.589041095890411,2.835616438356164,42.92260273972603,46.92214706095891,False,0.0200889948799544,20.088994879954463,126.0,93.0,1641824.0,https://cdn.nba.com/headshots/nba/latest/1040x760/1641824.png
Jalen Smith,CHI,C,53.0,20.7,10.2,1.2,1.8,4.8,6.7,0.5,0.8,1.0,2.1,0.483,1.5,4.2,0.373,0.584,16.6,0.608,19.0,0.2,-0.9,-0.7,0.4,9000000.0,17.73913043478261,2.0869565217391304,8.347826086956522,3.130434782608696,0.8695652173913043,1.3913043478260871,1.7391304347826086,3.6521739130434794,43.78260869565217,46.85167652173913,False,0.0156172255072463,15.617225507246378,127.0,160.0,1630188.0,https://cdn.nba.com/headshots/nba/latest/1040x760/1630188.png
Thomas Bryant,CLE,C,60.0,12.2,6.2,0.6,1.0,2.4,3.4,0.3,0.4,0.5,1.3,0.506,0.8,2.2,0.359,0.594,17.2,0.625,18.6,0.8,-0.7,0.1,0.4,2296274.0,18.295081967213115,1.7704918032786885,7.081967213114754,2.950819672131148,0.8852459016393442,1.180327868852459,1.475409836065574,3.836065573770492,42.314754098360645,46.4539775409836,False,0.0306556868732105,30.6556868732105,128.0,27.0,1628418.0,https://cdn.nba.com/headshots/nba/latest/1040x760/1628418.png
Nic Claxton,BRK,C,69.0,27.8,11.7,3.7,2.4,4.5,6.9,0.7,1.1,1.4,2.3,0.571,0.0,0.3,0.158,0.574,17.6,0.592,17.7,0.3,0.6,0.9,1.4,25352272.0,15.151079136690646,4.7913669064748206,5.827338129496402,3.107913669064748,0.9064748201438848,1.4244604316546765,1.8129496402877696,2.9784172661870496,41.853237410071934,46.39647201151079,False,0.0092146005877173,9.21460058771732,129.0,330.0,1629651.0,https://cdn.nba.com/headshots/nba/latest/1040x760/1629651.png
Mitchell Robinson,NYK,C,60.0,19.6,5.7,0.9,4.2,4.6,8.8,0.9,1.2,0.7,2.1,0.723,0.0,0.0,0.0,0.723,21.1,0.676,10.7,1.9,1.5,3.5,1.6,12954546.0,10.46938775510204,1.6530612244897958,8.448979591836734,7.7142857142857135,1.6530612244897958,2.204081632653061,1.2857142857142856,3.8571428571428568,40.3530612244898,46.38251328367347,False,0.012886743338606,12.886743338606015,130.0,218.0,1629011.0,https://cdn.nba.com/headshots/nba/latest/1040x760/1629011.png
Andrew Wiggins,MIA,SF,68.0,30.3,15.4,2.7,1.7,3.1,4.8,1.1,1.0,1.5,2.3,0.475,2.0,4.9,0.414,0.559,15.1,0.586,19.7,0.7,0.5,1.2,1.7,28223215.0,18.2970297029703,3.207920792079208,3.6831683168316833,2.01980198019802,1.306930693069307,1.188118811881188,1.782178217821782,2.7326732673267324,40.40198019801981,46.06786387425743,False,0.0086715120671995,8.671512067199533,131.0,343.0,203952.0,https://cdn.nba.com/headshots/nba/latest/1040x760/203952.png
Kyshawn George,WAS,SF,48.0,29.0,14.8,4.5,0.9,4.2,5.1,1.0,0.9,2.6,3.5,0.438,2.1,5.4,0.381,0.524,13.8,0.559,22.8,-0.5,-0.6,-1.2,0.3,2966760.0,18.372413793103448,5.586206896551724,5.2137931034482765,1.1172413793103448,1.2413793103448276,1.1172413793103448,3.2275862068965515,4.344827586206897,42.39310344827586,45.86633119655173,False,0.0266288735435416,26.628873543541623,132.0,50.0,1642273.0,https://cdn.nba.com/headshots/nba/latest/1040x760/1642273.png
Jonathan Kuminga,2TM,PF,36.0,23.1,12.2,2.3,1.4,4.3,5.6,0.6,0.3,1.9,1.5,0.463,1.0,2.9,0.333,0.515,14.2,0.557,23.4,-1.5,-0.5,-2.0,0.0,23799569.0,19.01298701298701,3.584415584415584,6.7012987012987,2.1818181818181817,0.935064935064935,0.4675324675324675,2.9610389610389607,2.3376623376623376,43.36363636363637,45.85117445454546,True,0.0093986595485348,9.398659548534877,133.0,326.0,1630228.0,https://cdn.nba.com/headshots/nba/latest/1040x760/1630228.png
Ausar Thompson,DET,SF,73.0,26.0,9.9,3.1,2.1,3.7,5.7,2.0,0.9,1.5,2.7,0.525,0.1,0.3,0.25,0.53,16.2,0.545,16.9,-0.6,3.6,3.1,2.4,8775000.0,13.707692307692309,4.292307692307692,5.123076923076923,2.907692307692308,2.769230769230769,1.2461538461538462,2.076923076923077,3.7384615384615385,39.143076923076926,45.832691717307696,False,0.015472190400509,15.472190400509,134.0,165.0,1641709.0,https://cdn.nba.com/headshots/nba/latest/1040x760/1641709.png
Brandin Podziemski,GSW,SG,82.0,28.5,13.8,3.7,0.9,4.2,5.1,1.1,0.2,1.6,1.7,0.455,1.9,5.0,0.371,0.543,15.0,0.583,20.1,0.3,-0.1,0.2,1.3,3687960.0,17.431578947368422,4.673684210526316,5.305263157894737,1.136842105263158,1.3894736842105264,0.2526315789473684,2.0210526315789474,2.147368421052632,41.41894736842105,45.82287128526316,False,0.0238610306077516,23.861030607751676,135.0,64.0,1641764.0,https://cdn.nba.com/headshots/nba/latest/1040x760/1641764.png
Daniel Gafford,DAL,C,55.0,21.7,9.5,1.1,2.5,4.4,6.9,0.8,1.3,1.1,2.6,0.655,0.0,0.0,0.0,0.655,18.8,0.677,15.8,-0.5,1.2,0.7,0.8,14386320.0,15.76036866359447,1.824884792626728,7.299539170506913,4.147465437788019,1.327188940092166,2.1566820276497696,1.824884792626728,4.313364055299539,41.39170506912443,45.66214529032258,False,0.0120387515963545,12.03875159635458,136.0,241.0,1629655.0,https://cdn.nba.com/headshots/nba/latest/1040x760/1629655.png
OG Anunoby,NYK,PF,67.0,33.2,16.7,2.2,1.3,4.0,5.2,1.6,0.7,1.8,2.4,0.484,2.3,6.1,0.386,0.581,15.8,0.62,19.7,0.9,1.1,2.0,2.3,39568966.0,18.108433734939755,2.385542168674699,4.337349397590361,1.4096385542168677,1.7349397590361444,0.7590361445783131,1.9518072289156625,2.602409638554217,38.56987951807229,45.603710367469866,False,0.0072497466167606,7.249746616760616,137.0,362.0,1628384.0,https://cdn.nba.com/headshots/nba/latest/1040x760/1628384.png
Brice Sensabaugh,UTA,SF,75.0,23.5,14.9,1.9,0.7,2.3,3.1,0.7,0.2,1.7,1.9,0.46,2.2,5.9,0.367,0.554,14.4,0.59,24.9,0.4,-3.0,-2.6,-0.3,2693760.0,22.825531914893617,2.91063829787234,3.5234042553191487,1.0723404255319149,1.0723404255319149,0.3063829787234042,2.604255319148936,2.91063829787234,42.92425531914894,45.51451003404256,False,0.0277313123188586,27.731312318858645,138.0,39.0,1641729.0,https://cdn.nba.com/headshots/nba/latest/1040x760/1641729.png
Tobias Harris,DET,PF,63.0,27.7,13.3,2.5,0.9,4.3,5.1,0.9,0.4,1.0,1.7,0.469,1.3,3.5,0.368,0.531,15.0,0.574,18.8,0.6,0.8,1.4,1.5,26634146.0,17.28519855595668,3.249097472924188,5.588447653429602,1.1696750902527078,1.1696750902527078,0.5198555956678701,1.2996389891696751,2.2093862815884475,39.98339350180506,45.40813262166066,False,0.0087986137727398,8.79861377273987,139.0,339.0,202699.0,https://cdn.nba.com/headshots/nba/latest/1040x760/202699.png
Anfernee Simons,2TM,SG,55.0,24.9,14.3,2.4,0.6,1.9,2.5,0.5,0.1,1.2,1.7,0.44,2.7,6.9,0.385,0.552,14.4,0.576,23.6,1.2,-1.3,-0.1,0.7,27678571.0,20.674698795180724,3.469879518072289,2.7469879518072293,0.8674698795180723,0.7228915662650602,0.144578313253012,1.7349397590361446,2.4578313253012047,40.055421686747,45.26419622168676,True,0.0086036548690504,8.603654869050422,140.0,344.0,1629014.0,https://cdn.nba.com/headshots/nba/latest/1040x760/1629014.png
Kevin Love,UTA,PF,37.0,16.6,6.7,1.8,1.5,4.3,5.8,0.4,0.2,0.8,1.5,0.397,1.4,3.8,0.373,0.53,14.7,0.568,16.6,1.1,-0.9,0.2,0.3,4150000.0,14.53012048192771,3.903614457831325,9.325301204819276,3.2530120481927707,0.8674698795180722,0.4337349397590361,1.7349397590361444,3.2530120481927707,42.36506024096386,45.15070305542169,False,0.0221636084357058,22.16360843570588,141.0,73.0,201567.0,https://cdn.nba.com/headshots/nba/latest/1040x760/201567.png
Malik Monk,SAC,SG,62.0,22.0,12.5,3.0,0.2,1.6,1.9,0.6,0.4,1.5,1.6,0.438,2.0,5.1,0.395,0.536,14.2,0.568,24.0,0.8,-2.1,-1.3,0.2,18797619.0,20.454545454545457,4.909090909090908,2.6181818181818186,0.3272727272727273,0.9818181818181818,0.6545454545454547,2.454545454545454,2.6181818181818186,41.36727272727273,45.03412101818182,False,0.010387003288641,10.38700328864102,142.0,292.0,1628370.0,https://cdn.nba.com/headshots/nba/latest/1040x760/1628370.png
Isaiah Joe,OKC,SG,71.0,21.2,11.1,1.3,0.5,2.1,2.5,0.7,0.2,0.6,1.7,0.455,2.5,6.0,0.423,0.622,15.5,0.657,18.4,2.0,0.5,2.5,1.7,12362338.0,18.849056603773587,2.207547169811321,3.566037735849057,0.8490566037735849,1.1886792452830188,0.339622641509434,1.018867924528302,2.8867924528301887,37.48584905660378,45.00072156367926,False,0.0127987975874359,12.798797587435931,143.0,224.0,1630198.0,https://cdn.nba.com/headshots/nba/latest/1040x760/1630198.png
Jakob Poeltl,TOR,C,46.0,25.0,10.7,2.0,2.5,4.5,7.0,0.9,0.7,1.2,3.2,0.7,0.0,0.0,0.0,0.7,18.1,0.698,15.3,0.2,1.4,1.6,1.0,19500000.0,15.408,2.88,6.48,3.6,1.2960000000000005,1.008,1.728,4.6080000000000005,39.46319999999999,44.930418025199984,False,0.01017473609289,10.174736092890065,144.0,296.0,1627751.0,https://cdn.nba.com/headshots/nba/latest/1040x760/1627751.png
Jeremiah Fears,NOP,PG,82.0,25.8,14.3,3.4,0.7,2.9,3.7,1.2,0.4,2.2,1.8,0.434,1.2,3.7,0.33,0.485,13.8,0.525,25.5,-1.4,-1.3,-2.7,-0.4,7520040.0,19.953488372093023,4.744186046511628,4.046511627906977,0.9767441860465116,1.6744186046511629,0.5581395348837209,3.069767441860465,2.511627906976744,42.96976744186046,44.91539280523255,False,0.0163789149132636,16.378914913263607,145.0,147.0,1642847.0,https://cdn.nba.com/headshots/nba/latest/1040x760/1642847.png
Jaylin Williams,OKC,PF,65.0,19.6,7.2,2.4,0.5,5.0,5.5,0.5,0.6,1.0,2.0,0.423,1.5,3.9,0.383,0.563,13.8,0.597,15.6,0.0,2.8,2.7,1.5,8450704.0,13.224489795918366,4.408163265306122,9.183673469387756,0.9183673469387754,0.9183673469387754,1.1020408163265305,1.8367346938775508,3.6734693877551017,38.543877551020415,44.88481650153062,False,0.0154402031092588,15.440203109258814,146.0,166.0,1631119.0,https://cdn.nba.com/headshots/nba/latest/1040x760/1631119.png
Bennedict Mathurin,2TM,SF,54.0,30.0,17.6,2.4,1.0,4.4,5.4,0.8,0.2,2.2,2.5,0.43,1.4,4.4,0.315,0.485,14.7,0.575,25.2,-1.1,-1.4,-2.5,-0.2,9187573.0,21.12,2.88,5.28,1.2,0.96,0.24,2.64,3.0,42.168000000000006,44.752160700000005,True,0.0147643253599725,14.764325359972505,147.0,181.0,1631097.0,https://cdn.nba.com/headshots/nba/latest/1040x760/1631097.png
Al Horford,GSW,C,45.0,21.5,8.3,2.6,1.0,3.9,4.9,0.7,1.1,0.9,1.1,0.426,1.6,4.6,0.361,0.54,14.7,0.554,16.5,0.3,1.3,1.6,0.9,5685000.0,13.897674418604652,4.353488372093024,6.530232558139534,1.6744186046511629,1.172093023255814,1.8418604651162795,1.5069767441860464,1.8418604651162795,40.06883720930233,44.635659753488376,False,0.0187204689596766,18.720468959676644,148.0,112.0,201143.0,https://cdn.nba.com/headshots/nba/latest/1040x760/201143.png
Jock Landale,2TM,C,68.0,22.1,10.6,1.7,2.7,3.0,5.7,0.5,0.5,0.9,2.2,0.515,1.1,2.8,0.383,0.582,16.6,0.595,18.3,0.9,-1.0,-0.1,0.7,2296274.0,17.266968325791854,2.7692307692307687,4.886877828054298,4.398190045248868,0.8144796380090498,0.8144796380090498,1.4660633484162895,3.583710407239819,41.32669683257919,44.62163862217195,True,0.029446498529949,29.446498529949043,149.0,29.0,1629111.0,https://cdn.nba.com/headshots/nba/latest/1040x760/1629111.png
Olivier-Maxence Prosper,MEM,PF,53.0,18.6,10.0,1.0,1.1,2.4,3.5,0.8,0.2,0.9,1.6,0.549,1.1,2.8,0.405,0.634,16.9,0.662,18.9,1.1,-1.2,-0.1,0.5,1002360.0,19.354838709677416,1.9354838709677415,4.64516129032258,2.129032258064516,1.5483870967741935,0.3870967741935484,1.7419354838709675,3.096774193548387,40.26774193548386,44.42858491451612,False,0.0443762517957415,44.37625179574152,150.0,5.0,1641765.0,https://cdn.nba.com/headshots/nba/latest/1040x760/1641765.png
Naji Marshall,DAL,SF,74.0,29.5,15.2,3.3,0.9,3.8,4.7,1.1,0.1,1.6,1.9,0.51,0.8,2.9,0.291,0.548,15.4,0.592,20.5,-0.7,0.1,-0.6,0.8,9000000.0,18.54915254237288,4.027118644067796,4.63728813559322,1.0983050847457627,1.3423728813559324,0.1220338983050847,1.952542372881356,2.31864406779661,40.924067796610174,44.34728631864407,False,0.0147824287728813,14.782428772881358,151.0,180.0,1630230.0,https://cdn.nba.com/headshots/nba/latest/1040x760/1630230.png
Isaiah Collier,UTA,PG,59.0,25.7,11.7,7.2,0.4,2.2,2.5,1.1,0.3,2.5,2.3,0.495,0.5,1.7,0.27,0.521,14.8,0.567,20.4,-0.7,-1.8,-2.4,-0.2,2638200.0,16.389105058365757,10.085603112840468,3.08171206225681,0.5603112840466927,1.540856031128405,0.4202334630350194,3.501945525291829,3.2217898832684826,43.77431906614786,44.31439931906615,False,0.0272829300049904,27.282930004990472,152.0,44.0,1642268.0,https://cdn.nba.com/headshots/nba/latest/1040x760/1642268.png
Scoot Henderson,POR,PG,30.0,24.9,14.2,3.7,0.6,2.1,2.7,0.9,0.3,2.4,2.8,0.418,1.9,5.4,0.352,0.501,12.9,0.553,25.0,-1.7,-0.5,-2.2,0.0,10748040.0,20.53012048192771,5.349397590361447,3.036144578313253,0.8674698795180723,1.3012048192771086,0.4337349397590361,3.469879518072289,4.048192771084337,41.48674698795181,44.08097656626508,False,0.0134457976227521,13.445797622752176,153.0,198.0,1630703.0,https://cdn.nba.com/headshots/nba/latest/1040x760/1630703.png
Mikal Bridges,NYK,SF,82.0,32.8,14.4,3.7,1.0,2.8,3.8,1.3,0.8,1.0,2.0,0.49,1.9,5.1,0.371,0.571,15.3,0.587,17.3,1.3,1.4,2.7,3.2,24900000.0,15.80487804878049,4.060975609756098,3.073170731707317,1.0975609756097562,1.4268292682926833,0.878048780487805,1.0975609756097562,2.1951219512195124,37.05365853658537,43.72799316585366,False,0.0087631424795552,8.763142479555249,154.0,341.0,1628969.0,https://cdn.nba.com/headshots/nba/latest/1040x760/1628969.png
De'Anthony Melton,GSW,PG,49.0,23.0,12.3,2.6,0.8,2.4,3.2,1.6,0.4,1.9,1.9,0.407,1.5,5.0,0.294,0.475,13.4,0.518,25.4,-2.6,0.1,-2.5,-0.1,3080921.0,19.25217391304348,4.069565217391304,3.7565217391304335,1.2521739130434784,2.5043478260869567,0.6260869565217392,2.973913043478261,2.973913043478261,41.75999999999999,43.71307968,False,0.0249041155853976,24.90411558539769,155.0,59.0,1629001.0,https://cdn.nba.com/headshots/nba/latest/1040x760/1629001.png
Simone Fontecchio,MIA,SF,70.0,16.8,8.5,1.4,0.8,2.2,3.0,0.5,0.1,0.7,1.5,0.412,1.8,4.7,0.375,0.542,13.8,0.579,19.6,0.7,-0.2,0.5,0.7,8307692.0,18.214285714285715,3.0,4.714285714285714,1.7142857142857142,1.0714285714285714,0.2142857142857142,1.5,3.2142857142857144,39.27857142857143,43.67395672500001,False,0.0151524320766985,15.15243207669856,156.0,174.0,1631323.0,https://cdn.nba.com/headshots/nba/latest/1040x760/1631323.png
Cam Thomas,2TM,SG,42.0,21.0,13.5,2.6,0.3,1.4,1.7,0.2,0.1,1.8,1.0,0.41,1.2,4.0,0.31,0.466,12.6,0.53,30.3,-1.2,-3.9,-5.2,-0.7,6837779.0,23.142857142857142,4.457142857142857,2.4,0.5142857142857142,0.3428571428571428,0.1714285714285714,3.085714285714286,1.7142857142857142,43.01142857142858,43.55392290000001,True,0.0166559630202016,16.655963020201636,157.0,145.0,1630560.0,https://cdn.nba.com/headshots/nba/latest/1040x760/1630560.png
Dyson Daniels,ATL,SG,76.0,33.2,11.9,5.9,2.4,4.4,6.8,2.0,0.4,1.8,2.2,0.517,0.3,1.5,0.188,0.532,15.5,0.542,16.0,-0.6,1.8,1.3,2.1,7707709.0,12.903614457831324,6.397590361445783,4.771084337349398,2.602409638554217,2.1686746987951806,0.4337349397590361,1.9518072289156625,2.385542168674699,39.90361445783133,43.53339469879519,False,0.0156804990152112,15.680499015211296,158.0,159.0,1630700.0,https://cdn.nba.com/headshots/nba/latest/1040x760/1630700.png
Anthony Black,ORL,PG,64.0,29.8,15.0,3.7,0.7,3.1,3.8,1.4,0.7,2.1,2.7,0.447,1.6,4.7,0.333,0.512,13.7,0.549,22.2,-1.2,0.7,-0.6,0.7,7970280.0,18.120805369127517,4.469798657718121,3.74496644295302,0.8456375838926173,1.691275167785235,0.8456375838926173,2.536912751677852,3.2617449664429534,39.71476510067114,43.41011818791946,False,0.0153763826782209,15.376382678220985,159.0,168.0,1641710.0,https://cdn.nba.com/headshots/nba/latest/1040x760/1641710.png
Zach LaVine,SAC,SG,39.0,31.4,19.2,2.3,0.2,2.6,2.8,0.7,0.3,1.9,2.1,0.479,2.5,6.5,0.39,0.569,14.7,0.614,23.7,0.6,-2.2,-1.5,0.2,47499660.0,22.012738853503183,2.6369426751592355,2.980891719745223,0.2292993630573248,0.8025477707006369,0.3439490445859872,2.178343949044586,2.4076433121019107,39.95541401273885,43.35512215605095,False,0.0062906448028936,6.290644802893617,160.0,376.0,203897.0,https://cdn.nba.com/headshots/nba/latest/1040x760/203897.png
Daniss Jenkins,DET,PG,72.0,20.2,9.3,3.9,0.7,1.6,2.3,0.9,0.2,1.6,1.5,0.408,1.0,2.7,0.374,0.473,13.4,0.525,21.5,-0.8,0.1,-0.7,0.5,3809524.0,16.574257425742577,6.950495049504951,2.851485148514852,1.2475247524752473,1.603960396039604,0.3564356435643564,2.851485148514852,2.673267326732673,40.33960396039604,43.25423066212871,False,0.0221611980466846,22.1611980466847,161.0,74.0,1642450.0,https://cdn.nba.com/headshots/nba/latest/1040x760/1642450.png
Cameron Payne,PHI,PG,22.0,17.0,7.4,2.6,0.1,1.9,2.0,1.1,0.3,0.5,1.4,0.376,1.5,4.4,0.33,0.483,14.4,0.514,19.2,-0.7,1.0,0.3,0.2,712637.0,15.67058823529412,5.505882352941176,4.023529411764706,0.2117647058823529,2.3294117647058825,0.6352941176470588,1.0588235294117647,2.9647058823529413,39.86470588235295,43.17288570000001,False,0.0511419042237452,51.141904223745286,162.0,2.0,1626166.0,https://cdn.nba.com/headshots/nba/latest/1040x760/1626166.png
Luke Kornet,SAS,C,68.0,21.0,6.5,1.9,2.7,3.4,6.1,0.5,1.0,0.4,1.8,0.643,0.0,0.0,0.0,0.643,17.9,0.689,10.3,1.6,2.1,3.6,2.0,11000000.0,11.142857142857142,3.257142857142857,5.828571428571429,4.628571428571429,0.8571428571428571,1.7142857142857142,0.6857142857142857,3.085714285714286,36.57428571428572,42.92358929785715,False,0.0129419491233006,12.941949123300612,163.0,215.0,1628436.0,https://cdn.nba.com/headshots/nba/latest/1040x760/1628436.png
Leonard Miller,2TM,SF,46.0,15.6,7.8,0.9,1.2,2.8,3.9,0.4,0.3,0.8,1.4,0.553,0.7,2.2,0.323,0.615,15.9,0.633,18.7,-0.2,-1.1,-1.3,0.1,2221677.0,18.0,2.076923076923077,6.461538461538462,2.769230769230769,0.9230769230769232,0.6923076923076923,1.8461538461538465,3.230769230769231,40.75384615384616,42.77348472692308,True,0.0286968464467807,28.69684644678072,164.0,33.0,1631159.0,https://cdn.nba.com/headshots/nba/latest/1040x760/1631159.png
Jay Huff,IND,C,82.0,21.0,9.5,1.5,0.9,3.1,4.0,0.5,1.9,0.9,2.4,0.476,1.5,4.5,0.319,0.574,15.2,0.598,18.0,-0.9,1.3,0.4,1.1,2349578.0,16.285714285714285,2.571428571428571,5.314285714285714,1.542857142857143,0.8571428571428571,3.257142857142857,1.542857142857143,4.114285714285714,38.95714285714285,42.71208707142857,False,0.0278647954706378,27.864795470637866,165.0,37.0,1630643.0,https://cdn.nba.com/headshots/nba/latest/1040x760/1630643.png
Justin Champagnie,WAS,SF,69.0,20.0,8.7,1.2,2.1,3.5,5.6,0.9,0.6,0.7,1.7,0.502,0.8,2.4,0.319,0.56,17.3,0.589,16.7,0.6,-1.0,-0.4,0.6,2349578.0,15.659999999999998,2.16,6.3,3.78,1.62,1.08,1.2599999999999998,3.06,40.653,42.69760977224999,False,0.0278553506739014,27.855350673901437,166.0,38.0,1630551.0,https://cdn.nba.com/headshots/nba/latest/1040x760/1630551.png
Devin Carter,SAC,PG,38.0,18.4,8.9,2.7,0.9,2.3,3.3,0.9,0.2,1.4,1.3,0.414,0.8,3.0,0.263,0.466,13.8,0.508,23.5,-1.5,-1.2,-2.6,-0.1,4923720.0,17.41304347826087,5.282608695652175,4.5,1.7608695652173914,1.7608695652173914,0.391304347826087,2.739130434782609,2.5434782608695654,41.84021739130436,42.57234503804349,False,0.0191858435844353,19.185843584435307,167.0,107.0,1642269.0,https://cdn.nba.com/headshots/nba/latest/1040x760/1642269.png
Jaylon Tyson,CLE,SG,66.0,26.9,13.2,2.2,1.8,3.3,5.1,0.8,0.4,1.5,2.5,0.493,2.0,4.5,0.446,0.592,14.8,0.608,19.3,0.6,-0.5,0.1,0.9,3492480.0,17.665427509293682,2.944237918215614,4.4163568773234205,2.408921933085502,1.0706319702602232,0.5353159851301116,2.0074349442379185,3.345724907063197,38.56282527881042,42.46252015762083,False,0.0227215943538187,22.721594353818706,168.0,69.0,1642281.0,https://cdn.nba.com/headshots/nba/latest/1040x760/1642281.png
Josh Minott,2TM,PF,49.0,17.0,7.4,0.9,1.0,2.2,3.2,0.9,0.5,0.9,1.5,0.5,1.3,3.1,0.418,0.627,16.0,0.653,16.8,1.4,1.1,2.5,1.0,2378870.0,15.67058823529412,1.9058823529411764,4.658823529411765,2.117647058823529,1.9058823529411764,1.0588235294117647,1.9058823529411764,3.1764705882352944,35.57647058823529,42.257562635294114,True,0.0273980143711165,27.398014371116503,169.0,43.0,1631169.0,https://cdn.nba.com/headshots/nba/latest/1040x760/1631169.png
Jordan Goodwin,PHO,PG,70.0,22.5,8.7,2.2,2.0,2.9,4.9,1.5,0.2,1.0,1.9,0.413,1.6,4.3,0.371,0.514,14.7,0.525,17.5,0.3,1.5,1.8,1.5,2349578.0,13.92,3.52,4.64,3.2,2.4,0.32,1.6,3.04,37.28,42.106125,False,0.0274694739038157,27.46947390381572,170.0,40.0,1630692.0,https://cdn.nba.com/headshots/nba/latest/1040x760/1630692.png
Rudy Gobert,MIN,C,76.0,31.3,10.9,1.7,3.9,7.5,11.5,0.8,1.6,1.4,2.6,0.682,0.0,0.1,0.0,0.682,17.5,0.664,12.9,0.0,0.9,1.0,1.8,35000000.0,12.536741214057509,1.9552715654952075,8.626198083067093,4.485623003194888,0.9201277955271566,1.8402555910543128,1.610223642172524,2.9904153354632586,38.77188498402556,41.81288197571886,False,0.007067667020848,7.06766702084802,171.0,367.0,203497.0,https://cdn.nba.com/headshots/nba/latest/1040x760/203497.png
Deandre Ayton,LAL,C,72.0,27.2,12.5,0.8,2.6,5.4,8.0,0.6,1.0,1.2,2.2,0.671,0.0,0.0,0.0,0.671,18.2,0.676,16.7,0.0,-0.9,-0.9,0.6,33654814.0,16.544117647058826,1.0588235294117647,7.147058823529412,3.4411764705882355,0.7941176470588236,1.3235294117647058,1.5882352941176472,2.9117647058823533,39.540441176470594,41.63730005514706,False,0.0071772646900037,7.177264690003707,172.0,365.0,1629028.0,https://cdn.nba.com/headshots/nba/latest/1040x760/1629028.png
VJ Edgecombe,PHI,SG,75.0,35.0,16.0,4.2,1.6,4.0,5.6,1.4,0.5,1.8,2.9,0.438,2.0,5.6,0.354,0.51,14.0,0.54,20.1,-0.4,-0.1,-0.5,1.0,11108880.0,16.457142857142856,4.32,4.114285714285714,1.6457142857142857,1.44,0.5142857142857142,1.8514285714285716,2.9828571428571427,38.62800000000001,41.26895898000001,False,0.0123819309022747,12.381930902274778,173.0,231.0,1642845.0,https://cdn.nba.com/headshots/nba/latest/1040x760/1642845.png
Andre Drummond,PHI,C,63.0,19.5,6.4,1.3,3.2,5.3,8.4,0.6,0.8,1.0,2.0,0.472,0.5,1.4,0.356,0.519,16.4,0.539,14.9,-0.4,-0.2,-0.6,0.4,5000000.0,11.815384615384616,2.4,9.784615384615384,5.907692307692308,1.1076923076923075,1.476923076923077,1.846153846153846,3.692307692307692,40.75384615384616,41.22787226538462,False,0.0184376649906156,18.43766499061565,174.0,114.0,203083.0,https://cdn.nba.com/headshots/nba/latest/1040x760/203083.png
Dru Smith,MIA,SG,70.0,16.3,5.6,2.6,0.9,1.6,2.5,1.4,0.3,0.8,1.6,0.415,0.5,1.8,0.295,0.474,14.5,0.532,15.2,-1.5,3.6,2.2,1.2,2378870.0,12.3680981595092,5.742331288343558,3.533742331288344,1.987730061349693,3.0920245398773,0.6625766871165644,1.7668711656441718,3.533742331288344,36.71779141104294,41.15533748466257,False,0.0266833782531311,26.68337825313116,175.0,49.0,1630696.0,https://cdn.nba.com/headshots/nba/latest/1040x760/1630696.png
Kenrich Williams,OKC,PF,56.0,15.3,6.5,1.4,1.1,2.3,3.3,0.6,0.1,0.8,1.1,0.473,0.9,2.3,0.388,0.557,14.2,0.569,18.3,-0.1,0.3,0.2,0.5,7163000.0,15.294117647058822,3.294117647058824,5.411764705882352,2.588235294117647,1.4117647058823528,0.2352941176470588,1.8823529411764703,2.588235294117647,37.62352941176471,40.80715660588236,False,0.0152471565391468,15.247156539146852,176.0,171.0,1629026.0,https://cdn.nba.com/headshots/nba/latest/1040x760/1629026.png
John Collins,LAC,PF,69.0,27.1,13.6,1.0,1.6,3.7,5.3,0.9,0.7,1.4,2.7,0.552,1.3,3.2,0.406,0.62,16.3,0.643,19.5,0.0,-0.5,-0.5,0.7,26580000.0,18.06642066420664,1.328413284132841,4.915129151291513,2.125461254612546,1.1955719557195572,0.9298892988929888,1.859778597785977,3.5867158671586714,37.28856088560886,40.58376380258303,False,0.0078718141749032,7.871814174903267,177.0,355.0,1628381.0,https://cdn.nba.com/headshots/nba/latest/1040x760/1628381.png
Matisse Thybulle,POR,SG,30.0,16.0,5.8,0.9,0.6,1.4,2.0,2.0,0.5,0.9,1.4,0.433,1.2,3.1,0.398,0.571,14.5,0.6,14.7,-1.7,6.1,4.4,0.8,11550000.0,13.05,2.025,3.15,1.35,4.5,1.125,2.025,3.15,32.36625,40.4826088125,False,0.0119118029293365,11.911802929336552,178.0,248.0,1629680.0,https://cdn.nba.com/headshots/nba/latest/1040x760/1629680.png
Kevin Huerter,2TM,SF,69.0,22.4,10.0,2.6,0.5,3.0,3.5,0.9,0.5,1.0,1.7,0.451,1.4,4.7,0.308,0.535,13.2,0.552,18.8,-1.1,0.5,-0.6,0.6,17991071.0,16.071428571428573,4.178571428571429,4.821428571428571,0.8035714285714286,1.4464285714285716,0.8035714285714286,1.6071428571428572,2.7321428571428577,38.3625,40.43344545000001,True,0.0095326191357699,9.532619135769956,179.0,320.0,1628989.0,https://cdn.nba.com/headshots/nba/latest/1040x760/1628989.png
Gui Santos,GSW,PF,68.0,20.5,9.2,2.3,1.1,2.8,3.9,0.9,0.3,1.5,2.1,0.5,1.1,3.3,0.351,0.585,14.2,0.609,18.7,-0.9,0.3,-0.6,0.5,2221677.0,16.15609756097561,4.039024390243903,4.917073170731706,1.931707317073171,1.5804878048780489,0.526829268292683,2.6341463414634143,3.6878048780487807,37.80878048780488,40.3563079712195,False,0.0270751560318893,27.07515603188936,180.0,45.0,1630611.0,https://cdn.nba.com/headshots/nba/latest/1040x760/1630611.png
Clint Capela,HOU,C,75.0,12.3,3.8,0.7,2.1,2.5,4.6,0.5,0.8,0.5,1.0,0.52,0.0,0.0,0.5,0.522,17.9,0.54,13.7,-0.5,0.9,0.4,0.6,6700000.0,11.121951219512194,2.0487804878048776,7.317073170731707,6.146341463414633,1.4634146341463414,2.341463414634146,1.4634146341463414,2.926829268292683,38.91219512195122,40.35055836585367,False,0.015588780697899,15.588780697899002,181.0,162.0,203991.0,https://cdn.nba.com/headshots/nba/latest/1040x760/203991.png
Kyle Kuzma,MIL,PF,69.0,26.2,13.0,2.7,0.8,3.7,4.5,0.7,0.4,1.7,1.9,0.492,1.2,3.5,0.347,0.552,14.1,0.581,21.8,-1.0,-1.3,-2.3,-0.1,22410605.0,17.862595419847327,3.7099236641221376,5.083969465648855,1.099236641221374,0.9618320610687022,0.549618320610687,2.33587786259542,2.610687022900763,39.208396946564896,40.31939213816795,False,0.0085170105558896,8.517010555889645,182.0,346.0,1628398.0,https://cdn.nba.com/headshots/nba/latest/1040x760/1628398.png
Jordan Miller,LAC,SF,60.0,22.1,10.0,2.3,0.8,2.2,3.0,0.8,0.2,1.1,1.0,0.531,0.6,1.8,0.345,0.579,15.9,0.628,18.0,0.6,-0.4,0.2,0.8,712637.0,16.289592760180994,3.746606334841629,3.583710407239819,1.3031674208144794,1.3031674208144794,0.3257918552036198,1.7918552036199096,1.6289592760180995,36.74932126696832,40.30935355656108,False,0.0477498102219915,47.749810221991545,183.0,4.0,1641757.0,https://cdn.nba.com/headshots/nba/latest/1040x760/1641757.png
Collin Murray-Boyles,TOR,PF,57.0,21.9,8.5,1.9,2.3,2.7,5.0,0.9,0.9,1.0,2.6,0.579,0.3,0.9,0.34,0.604,16.4,0.621,15.5,-0.5,1.5,1.0,1.0,6332520.0,13.972602739726028,3.1232876712328768,4.4383561643835625,3.780821917808219,1.479452054794521,1.479452054794521,1.6438356164383563,4.273972602739726,36.59178082191781,40.30654409589041,False,0.0160172250644158,16.017225064415822,184.0,151.0,1642867.0,https://cdn.nba.com/headshots/nba/latest/1040x760/1642867.png
Dennis Schröder,2TM,PG,70.0,24.2,10.8,4.9,0.5,2.2,2.7,0.8,0.2,1.8,1.6,0.405,1.1,3.3,0.329,0.465,12.9,0.526,21.0,-0.9,-1.3,-2.2,-0.1,14104000.0,16.06611570247934,7.289256198347108,3.2727272727272734,0.743801652892562,1.1900826446280992,0.2975206611570248,2.677685950413223,2.3801652892561984,39.75619834710745,40.16902971074381,True,0.0106959703845024,10.695970384502418,185.0,279.0,203471.0,https://cdn.nba.com/headshots/nba/latest/1040x760/203471.png
Peyton Watson,DEN,SF,54.0,29.6,14.6,2.1,0.9,4.0,4.9,0.9,1.1,1.7,2.5,0.491,1.5,3.6,0.411,0.56,14.3,0.594,20.6,-0.8,-0.5,-1.2,0.3,4356476.0,17.756756756756754,2.554054054054054,4.864864864864864,1.0945945945945943,1.0945945945945943,1.337837837837838,2.0675675675675675,3.0405405405405403,37.99459459459459,40.11822304864864,False,0.0192209135642139,19.22091356421396,186.0,106.0,1631212.0,https://cdn.nba.com/headshots/nba/latest/1040x760/1631212.png
Tyler Kolek,NYK,PG,62.0,11.7,4.4,2.7,0.3,1.3,1.6,0.4,0.1,0.9,1.0,0.435,0.7,1.8,0.386,0.524,12.5,0.533,18.4,-0.8,0.2,-0.6,0.3,2191897.0,13.53846153846154,8.307692307692308,4.0,0.923076923076923,1.2307692307692308,0.3076923076923077,2.769230769230769,3.076923076923077,38.26153846153847,39.977881592307696,False,0.0270028563599318,27.002856359931883,187.0,46.0,1642278.0,https://cdn.nba.com/headshots/nba/latest/1040x760/1642278.png
Precious Achiuwa,SAC,C,73.0,23.9,10.1,1.4,2.4,4.3,6.7,0.9,0.7,0.9,1.7,0.528,0.4,1.3,0.278,0.551,16.2,0.558,17.6,-0.5,-1.1,-1.6,0.2,2111516.0,15.213389121338912,2.1087866108786613,6.476987447698745,3.615062761506276,1.3556485355648535,1.0543933054393306,1.3556485355648535,2.560669456066946,39.660251046025095,39.89872856736402,False,0.0274575553755404,27.45755537554042,188.0,41.0,1630173.0,https://cdn.nba.com/headshots/nba/latest/1040x760/1630173.png
Jaden Ivey,2TM,SG,37.0,18.1,8.5,1.8,0.6,1.8,2.5,0.6,0.4,1.1,1.4,0.445,1.4,3.6,0.373,0.543,13.0,0.571,19.7,-0.2,0.2,0.0,0.3,10107163.0,16.906077348066297,3.580110497237569,3.580110497237569,1.1933701657458564,1.1933701657458564,0.7955801104972375,2.187845303867403,2.784530386740331,36.5171270718232,39.867911264088384,True,0.0125403266205388,12.540326620538806,189.0,228.0,1631093.0,https://cdn.nba.com/headshots/nba/latest/1040x760/1631093.png
Jaxson Hayes,LAL,C,66.0,18.3,7.5,0.9,1.5,2.6,4.1,0.4,0.8,0.5,1.9,0.756,0.0,0.0,1.0,0.761,18.3,0.758,13.0,0.8,0.4,1.2,1.0,3449323.0,14.75409836065574,1.7704918032786885,5.114754098360655,2.9508196721311477,0.7868852459016393,1.5737704918032789,0.9836065573770492,3.7377049180327866,35.4983606557377,39.70195465573771,False,0.021376911381686,21.37691138168605,190.0,80.0,1629637.0,https://cdn.nba.com/headshots/nba/latest/1040x760/1629637.png
Isaiah Jackson,2TM,C,55.0,16.5,6.7,0.9,2.1,3.2,5.3,0.7,0.9,1.1,2.7,0.637,0.0,0.1,0.0,0.637,17.3,0.653,16.2,-1.9,0.8,-1.2,0.2,7600000.0,14.61818181818182,1.963636363636364,6.9818181818181815,4.581818181818182,1.5272727272727271,1.963636363636364,2.4,5.890909090909091,38.4109090909091,39.68048388000001,True,0.0143936243239065,14.393624323906588,191.0,186.0,1630543.0,https://cdn.nba.com/headshots/nba/latest/1040x760/1630543.png
Miles McBride,NYK,SG,41.0,26.3,12.0,2.6,0.6,1.9,2.4,0.9,0.2,0.8,1.7,0.423,2.7,6.6,0.413,0.562,13.1,0.578,18.2,1.0,0.2,1.2,0.9,4333333.0,16.425855513307987,3.55893536121673,2.600760456273764,0.8212927756653992,1.231939163498099,0.2737642585551331,1.0950570342205324,2.326996197718631,35.1171102661597,39.653575966539925,False,0.0190489624665278,19.04896246652785,192.0,111.0,1630540.0,https://cdn.nba.com/headshots/nba/latest/1040x760/1630540.png
Klay Thompson,DAL,SF,69.0,21.7,11.7,1.4,0.3,1.8,2.1,0.5,0.3,0.9,1.0,0.393,2.9,7.6,0.383,0.532,11.4,0.541,22.7,0.2,-1.5,-1.4,0.2,16666667.0,19.410138248847925,2.32258064516129,2.986175115207373,0.4976958525345621,0.8294930875576038,0.4976958525345621,1.4930875576036866,1.6589861751152075,37.26082949308756,39.59449281013825,False,0.0096986303039272,9.698630303927292,193.0,313.0,202691.0,https://cdn.nba.com/headshots/nba/latest/1040x760/202691.png
Maxime Raynaud,SAC,C,74.0,26.5,12.5,1.4,1.9,5.6,7.5,0.5,0.5,1.3,2.3,0.571,0.3,1.0,0.324,0.589,16.0,0.619,18.2,-0.9,-1.6,-2.4,-0.2,1272870.0,16.9811320754717,1.90188679245283,7.60754716981132,2.581132075471698,0.6792452830188679,0.6792452830188679,1.7660377358490569,3.124528301886792,39.81735849056604,39.59127435169812,False,0.0350919462519939,35.09194625199397,194.0,12.0,1642875.0,https://cdn.nba.com/headshots/nba/latest/1040x760/1642875.png
Cam Whitmore,WAS,SF,21.0,16.9,9.2,0.7,0.9,1.9,2.8,0.7,0.4,0.9,1.2,0.456,0.8,2.7,0.286,0.503,13.7,0.528,23.7,-1.1,-2.1,-3.3,-0.1,3539760.0,19.597633136094675,1.4911242603550297,4.047337278106509,1.9171597633136097,1.4911242603550297,0.8520710059171599,1.9171597633136097,2.5562130177514795,39.48284023668639,39.49121845207101,False,0.0209900573357452,20.99005733574521,195.0,86.0,1641715.0,https://cdn.nba.com/headshots/nba/latest/1040x760/1641715.png
Quinten Post,GSW,PF,67.0,17.3,7.7,1.4,1.0,3.0,4.0,0.4,0.5,0.8,1.9,0.44,1.4,4.1,0.336,0.546,13.0,0.56,18.8,-1.0,-0.1,-1.1,0.3,1955377.0,16.023121387283236,2.9132947976878607,6.242774566473988,2.0809248554913293,0.8323699421965317,1.0404624277456649,1.6647398843930634,3.9537572254335256,38.10173410404624,39.481584000000005,False,0.028234449009394,28.23444900939404,196.0,35.0,1642366.0,https://cdn.nba.com/headshots/nba/latest/1040x760/1642366.png
Jordan Poole,NOP,PG,39.0,23.9,13.4,3.1,0.2,1.7,2.0,0.6,0.4,1.8,2.3,0.372,2.5,7.4,0.333,0.48,11.5,0.53,25.1,-1.0,-2.6,-3.5,-0.4,31848215.0,20.184100418410043,4.669456066945607,2.560669456066946,0.301255230125523,0.9037656903765692,0.602510460251046,2.711297071129707,3.4644351464435146,39.42677824267782,39.419671537656896,False,0.0069850650191767,6.985065019176754,197.0,369.0,1629673.0,https://cdn.nba.com/headshots/nba/latest/1040x760/1629673.png
Moussa Diabaté,CHO,C,73.0,26.0,7.9,1.9,3.7,5.0,8.7,0.8,1.0,1.0,2.4,0.631,0.0,0.0,0.5,0.632,17.2,0.653,11.4,0.4,1.2,1.7,1.8,2270735.0,10.93846153846154,2.6307692307692303,6.923076923076923,5.123076923076923,1.1076923076923078,1.3846153846153846,1.3846153846153846,3.323076923076923,36.027692307692305,39.32741186769231,False,0.026098295218906,26.09829521890605,198.0,52.0,1631217.0,https://cdn.nba.com/headshots/nba/latest/1040x760/1631217.png
P.J. Washington,DAL,PF,56.0,31.0,14.2,1.8,1.5,5.5,7.0,1.0,1.1,1.7,2.1,0.45,1.4,4.2,0.325,0.508,13.1,0.537,20.1,-1.7,0.1,-1.6,0.2,14152174.0,16.490322580645163,2.0903225806451613,6.387096774193549,1.7419354838709675,1.161290322580645,1.2774193548387096,1.9741935483870967,2.438709677419355,38.380645161290325,39.31963655322581,False,0.010451964236875,10.45196423687502,199.0,290.0,1629023.0,https://cdn.nba.com/headshots/nba/latest/1040x760/1629023.png
Vince Williams Jr.,2TM,SG,40.0,20.5,7.5,4.2,1.0,2.9,3.9,0.7,0.4,1.8,2.0,0.353,1.4,4.4,0.311,0.447,10.7,0.478,19.5,-1.5,0.5,-1.0,0.2,2301587.0,13.170731707317072,7.375609756097561,5.092682926829268,1.7560975609756098,1.2292682926829266,0.7024390243902439,3.1609756097560977,3.5121951219512195,38.1951219512195,39.19222353658535,True,0.025833675827723,25.83367582772304,200.0,55.0,1631246.0,https://cdn.nba.com/headshots/nba/latest/1040x760/1631246.png
Devin Vassell,SAS,SG,67.0,30.5,13.9,2.5,0.6,3.4,4.0,0.9,0.4,0.9,1.6,0.437,2.5,6.4,0.384,0.547,13.0,0.574,18.0,0.1,0.3,0.5,1.3,27000000.0,16.40655737704918,2.9508196721311477,4.0131147540983605,0.7081967213114754,1.0622950819672132,0.4721311475409836,1.0622950819672132,1.8885245901639345,35.89377049180328,39.17880399344263,False,0.0075399643440472,7.539964344047228,201.0,359.0,1630170.0,https://cdn.nba.com/headshots/nba/latest/1040x760/1630170.png
Karlo Matković,NOP,PF,62.0,14.7,5.7,0.8,1.2,2.5,3.7,0.4,0.9,0.5,1.7,0.604,0.6,1.5,0.422,0.685,16.5,0.696,13.1,0.2,0.4,0.7,0.6,1955377.0,13.95918367346939,1.959183673469388,6.122448979591836,2.938775510204082,0.979591836734694,2.204081632653061,1.2244897959183674,4.163265306122449,36.28163265306122,39.12611047346939,False,0.0279802393718319,27.980239371831924,202.0,36.0,1631255.0,https://cdn.nba.com/headshots/nba/latest/1040x760/1631255.png
Cole Anthony,MIL,PG,35.0,15.1,6.7,3.5,0.5,2.0,2.5,0.6,0.3,1.9,2.1,0.424,0.6,2.1,0.306,0.472,10.7,0.483,25.8,-3.9,-0.9,-4.7,-0.4,5996274.0,15.973509933774835,8.344370860927153,4.768211920529802,1.1920529801324504,1.4304635761589404,0.7152317880794702,4.529801324503311,5.006622516556292,40.79205298013245,38.93544479205299,False,0.0159002665742894,15.90026657428949,203.0,153.0,1630175.0,https://cdn.nba.com/headshots/nba/latest/1040x760/1630175.png
Buddy Hield,2TM,SG,51.0,16.1,7.6,1.4,0.5,1.7,2.3,0.8,0.2,0.9,1.1,0.437,1.5,4.2,0.349,0.55,12.8,0.568,20.3,-0.9,-0.1,-1.0,0.2,9219512.0,16.993788819875775,3.130434782608695,3.801242236024844,1.1180124223602483,1.7888198757763971,0.4472049689440993,2.012422360248447,2.459627329192547,36.81614906832298,38.89563597763974,True,0.0128099345267464,12.809934526746485,204.0,223.0,1627741.0,https://cdn.nba.com/headshots/nba/latest/1040x760/1627741.png
Isaiah Stewart,DET,C,58.0,22.7,10.0,1.1,1.7,3.3,5.0,0.3,1.6,1.2,2.9,0.55,0.7,2.1,0.333,0.6,15.2,0.632,16.6,-1.1,1.1,0.0,0.7,15000000.0,15.859030837004406,1.7444933920704848,5.233480176211454,2.696035242290749,0.4757709251101322,2.537444933920705,1.9030837004405288,4.599118942731277,36.09515418502203,38.799691897797366,False,0.0100180373705432,10.018037370543205,205.0,302.0,1630191.0,https://cdn.nba.com/headshots/nba/latest/1040x760/1630191.png
Ryan Kalkbrenner,CHO,C,69.0,21.4,7.6,0.8,2.4,3.0,5.5,0.5,1.5,0.9,1.6,0.753,0.0,0.1,0.0,0.753,17.9,0.762,11.6,0.5,1.3,1.8,1.4,2296274.0,12.78504672897196,1.3457943925233646,5.046728971962617,4.037383177570093,0.8411214953271029,2.5233644859813085,1.5140186915887852,2.6915887850467293,34.2588785046729,38.78909057102804,False,0.0255975112915349,25.59751129153493,206.0,57.0,1641750.0,https://cdn.nba.com/headshots/nba/latest/1040x760/1641750.png
Myles Turner,MIL,C,71.0,26.9,11.9,1.5,1.1,4.3,5.3,0.7,1.6,1.2,2.6,0.44,2.1,5.4,0.383,0.553,14.2,0.584,18.6,-0.9,0.0,-0.9,0.5,25318251.0,15.92565055762082,2.0074349442379185,5.754646840148699,1.472118959107807,0.9368029739776952,2.1412639405204463,1.6059479553903344,3.479553903345725,36.8631970260223,38.59702463643122,False,0.0076707349487811,7.670734948781178,207.0,357.0,1626167.0,https://cdn.nba.com/headshots/nba/latest/1040x760/1626167.png
Julian Champagnie,SAS,SF,82.0,27.6,11.1,1.5,0.9,4.9,5.8,0.8,0.5,0.8,1.6,0.437,2.4,6.2,0.381,0.578,13.1,0.609,15.2,0.5,0.8,1.4,1.9,3000000.0,14.478260869565217,1.9565217391304348,6.391304347826088,1.1739130434782608,1.0434782608695652,0.6521739130434783,1.0434782608695652,2.0869565217391304,34.72826086956522,38.565898125,False,0.0222660316640084,22.266031664008437,208.0,72.0,1630577.0,https://cdn.nba.com/headshots/nba/latest/1040x760/1630577.png
Trayce Jackson-Davis,GSW,C,36.0,11.4,4.2,0.9,1.3,1.8,3.1,0.4,0.5,0.5,1.1,0.588,0.0,0.0,1.0,0.593,16.0,0.601,14.8,-1.0,0.6,-0.4,0.2,2221677.0,13.26315789473684,2.8421052631578947,5.684210526315789,4.105263157894736,1.263157894736842,1.5789473684210529,1.5789473684210529,3.473684210526316,37.310526315789474,38.50700950263158,False,0.0258344566938265,25.83445669382652,209.0,54.0,1631218.0,https://cdn.nba.com/headshots/nba/latest/1040x760/1631218.png
Bilal Coulibaly,WAS,SG,56.0,26.2,11.7,2.6,0.9,3.5,4.3,1.3,1.0,1.4,2.3,0.425,1.2,3.6,0.319,0.485,13.5,0.531,19.9,-1.7,-0.4,-2.1,-0.1,7275600.0,16.076335877862594,3.5725190839694663,4.809160305343512,1.236641221374046,1.7862595419847331,1.3740458015267176,1.9236641221374045,3.16030534351145,38.37709923664122,38.42601274923664,False,0.0142459335867023,14.24593358670236,210.0,188.0,1641731.0,https://cdn.nba.com/headshots/nba/latest/1040x760/1641731.png
Moses Moody,GSW,SG,60.0,25.7,12.1,1.6,0.9,2.5,3.3,1.0,0.6,1.0,2.0,0.44,2.5,6.3,0.401,0.575,13.5,0.6,18.3,0.2,-0.3,-0.1,0.7,11574075.0,16.94941634241245,2.241245136186771,3.501945525291829,1.2607003891050583,1.4007782101167314,0.8404669260700389,1.4007782101167314,2.801556420233463,35.54474708171207,38.40360992217899,False,0.0112883093792944,11.28830937929448,211.0,263.0,1630541.0,https://cdn.nba.com/headshots/nba/latest/1040x760/1630541.png
Jaden McDaniels,MIN,PF,73.0,31.7,14.8,2.7,1.0,3.2,4.2,1.1,1.0,1.8,3.3,0.515,1.4,3.4,0.412,0.579,14.0,0.611,18.5,-0.9,0.6,-0.3,1.0,24393104.0,16.807570977917983,3.066246056782335,3.6340694006309153,1.135646687697161,1.2492113564668772,1.135646687697161,2.0441640378548898,3.747634069400631,35.55709779179812,38.292880414826506,False,0.0077532627459955,7.753262745995583,212.0,356.0,1630183.0,https://cdn.nba.com/headshots/nba/latest/1040x760/1630183.png
Donte DiVincenzo,MIN,SG,82.0,30.4,12.2,3.8,0.8,3.3,4.1,1.3,0.4,1.4,2.4,0.406,3.0,7.9,0.379,0.552,12.5,0.567,16.9,0.0,0.7,0.8,1.7,11990000.0,14.44736842105263,4.5,3.907894736842105,0.9473684210526316,1.5394736842105263,0.4736842105263158,1.657894736842105,2.8421052631578947,35.08223684210527,38.29131171463816,False,0.0110583581726007,11.058358172600792,213.0,271.0,1628978.0,https://cdn.nba.com/headshots/nba/latest/1040x760/1628978.png
Tyrese Proctor,CLE,PG,50.0,10.9,5.4,1.5,0.2,1.1,1.3,0.5,0.0,0.8,1.2,0.413,0.9,2.6,0.351,0.516,12.2,0.556,22.0,-2.3,-0.5,-2.8,-0.1,1272870.0,17.834862385321102,4.954128440366973,3.63302752293578,0.6605504587155964,1.6513761467889907,0.0,2.642201834862385,3.9633027522935778,38.08073394495414,38.13549434862387,False,0.0338016075483493,33.801607548349345,214.0,16.0,1642878.0,https://cdn.nba.com/headshots/nba/latest/1040x760/1642878.png
Danny Wolf,BRK,PF,57.0,20.8,8.9,2.2,1.0,3.9,4.9,0.5,0.6,1.3,2.2,0.405,1.2,3.7,0.322,0.482,12.3,0.521,20.6,-2.2,-0.3,-2.5,-0.2,2801280.0,15.403846153846152,3.807692307692308,6.75,1.7307692307692306,0.8653846153846153,1.0384615384615383,2.25,3.807692307692308,38.25865384615385,37.87327290000001,False,0.0226284380261736,22.628438026173654,215.0,70.0,1642874.0,https://cdn.nba.com/headshots/nba/latest/1040x760/1642874.png
Jabari Smith Jr.,HOU,PF,77.0,35.1,15.8,1.9,1.4,5.5,6.9,0.7,0.9,1.4,2.5,0.45,2.3,6.3,0.363,0.541,13.5,0.57,18.2,-0.5,-0.2,-0.7,0.9,12350392.0,16.205128205128204,1.9487179487179485,5.6410256410256405,1.4358974358974357,0.7179487179487178,0.923076923076923,1.4358974358974357,2.5641025641025643,35.95384615384615,37.63130492307692,False,0.0107080134315677,10.708013431567748,216.0,277.0,1631095.0,https://cdn.nba.com/headshots/nba/latest/1040x760/1631095.png
Sam Merrill,CLE,SG,52.0,26.5,12.8,2.4,0.5,2.0,2.6,0.6,0.1,0.8,2.4,0.461,3.0,7.2,0.421,0.624,13.6,0.644,17.0,1.0,-1.0,0.1,0.7,8482144.0,17.38867924528302,3.2603773584905658,2.7169811320754715,0.6792452830188679,0.8150943396226414,0.1358490566037735,1.0867924528301889,3.2603773584905658,34.75698113207547,37.61470012075471,False,0.0129153084666162,12.91530846661627,217.0,216.0,1630241.0,https://cdn.nba.com/headshots/nba/latest/1040x760/1630241.png
Alex Caruso,OKC,SG,56.0,18.2,6.2,2.0,0.5,2.3,2.8,1.3,0.3,0.9,1.2,0.423,0.9,3.2,0.293,0.512,12.8,0.54,15.7,-1.4,3.3,1.9,1.0,18102000.0,12.263736263736265,3.956043956043956,4.549450549450549,0.989010989010989,2.571428571428572,0.5934065934065934,1.7802197802197803,2.3736263736263736,33.24065934065935,37.4949109945055,False,0.0088127012279208,8.81270122792087,218.0,338.0,1627936.0,https://cdn.nba.com/headshots/nba/latest/1040x760/1627936.png
Tim Hardaway Jr.,DEN,SG,80.0,26.6,13.5,1.4,0.2,2.4,2.6,0.5,0.1,0.5,1.3,0.447,2.8,6.9,0.407,0.591,13.5,0.624,18.5,1.3,-1.9,-0.7,0.7,2296274.0,18.27067669172932,1.894736842105263,3.2481203007518795,0.2706766917293233,0.6766917293233082,0.1353383458646616,0.6766917293233082,1.7593984962406015,35.06616541353383,37.42591615037594,False,0.0246979317419427,24.6979317419428,219.0,61.0,203501.0,https://cdn.nba.com/headshots/nba/latest/1040x760/203501.png
Javonte Green,DET,SG,82.0,17.6,6.9,0.7,0.8,2.0,2.8,1.2,0.3,0.5,1.3,0.447,1.1,3.0,0.381,0.56,14.1,0.607,14.8,-0.3,2.4,2.1,1.5,2296274.0,14.113636363636363,1.4318181818181817,4.090909090909091,1.6363636363636365,2.454545454545454,0.6136363636363635,1.0227272727272727,2.6590909090909087,32.625,37.3947170625,False,0.0246773429889601,24.67734298896011,220.0,62.0,1629750.0,https://cdn.nba.com/headshots/nba/latest/1040x760/1629750.png
Jarace Walker,IND,PF,76.0,25.7,11.6,2.5,0.6,4.5,5.1,0.8,0.3,1.8,1.6,0.419,1.8,4.7,0.374,0.51,11.5,0.543,20.7,-1.8,-0.7,-2.4,-0.2,6665520.0,16.249027237354085,3.501945525291829,6.3035019455252925,0.8404669260700389,1.1206225680933857,0.4202334630350194,2.5214007782101167,2.241245136186771,37.51284046692607,37.31859821089494,False,0.0144546740928901,14.454674092890173,221.0,185.0,1641716.0,https://cdn.nba.com/headshots/nba/latest/1040x760/1641716.png
Wendell Carter Jr.,ORL,C,78.0,29.3,11.8,2.0,2.1,5.3,7.4,0.8,0.6,1.3,3.4,0.512,0.9,2.9,0.319,0.568,14.1,0.617,15.6,-1.0,0.5,-0.6,0.8,10850000.0,14.498293515358364,2.4573378839590445,6.511945392491468,2.5802047781569963,0.9829351535836176,0.7372013651877133,1.5972696245733788,4.177474402730375,35.68668941979523,37.09842847474404,False,0.0112626514435444,11.262651443544462,222.0,264.0,1628976.0,https://cdn.nba.com/headshots/nba/latest/1040x760/1628976.png
Corey Kispert,2TM,SF,58.0,18.6,9.2,1.6,0.5,1.8,2.3,0.3,0.2,0.8,1.0,0.467,1.5,4.1,0.367,0.577,13.1,0.609,18.6,0.1,-2.0,-1.9,0.0,13975000.0,17.806451612903224,3.096774193548387,3.4838709677419355,0.9677419354838708,0.5806451612903225,0.3870967741935484,1.5483870967741935,1.9354838709677415,36.629032258064505,37.08044356451612,True,0.0099190256278254,9.919025627825407,223.0,304.0,1630557.0,https://cdn.nba.com/headshots/nba/latest/1040x760/1630557.png
Craig Porter Jr.,CLE,PG,64.0,17.9,4.5,3.2,1.3,2.1,3.4,0.9,0.6,0.9,1.1,0.45,0.5,1.5,0.355,0.514,13.7,0.524,12.3,0.0,1.9,2.0,1.2,2221677.0,9.05027932960894,6.435754189944135,4.223463687150838,2.6145251396648046,1.810055865921788,1.2067039106145252,1.810055865921788,2.2122905027932966,34.1195530726257,37.07747321899442,False,0.0248753769395455,24.87537693954557,224.0,60.0,1641854.0,https://cdn.nba.com/headshots/nba/latest/1040x760/1641854.png
Quentin Grimes,PHI,SG,75.0,29.4,13.4,3.3,0.6,3.0,3.6,0.9,0.4,1.8,2.1,0.45,1.7,5.1,0.334,0.534,12.9,0.585,19.0,-0.9,-0.6,-1.6,0.2,8741209.0,16.408163265306122,4.040816326530612,3.673469387755102,0.7346938775510204,1.1020408163265307,0.489795918367347,2.204081632653061,2.571428571428572,35.66938775510204,36.561860816326536,False,0.0123663786149519,12.36637861495193,225.0,232.0,1629656.0,https://cdn.nba.com/headshots/nba/latest/1040x760/1629656.png
Trendon Watford,PHI,PF,53.0,16.3,6.5,2.5,0.7,2.6,3.3,0.3,0.4,1.2,2.0,0.515,0.2,0.9,0.2,0.534,13.1,0.573,17.9,-2.2,0.2,-1.9,0.0,2461463.0,14.355828220858896,5.521472392638037,5.742331288343558,1.54601226993865,0.6625766871165644,0.8834355828220859,2.650306748466257,4.41717791411043,36.85030674846626,36.55896090828221,False,0.0233022140654883,23.302214065488307,226.0,66.0,1630570.0,https://cdn.nba.com/headshots/nba/latest/1040x760/1630570.png
Pelle Larsson,MIA,SG,70.0,26.4,11.4,3.4,1.0,2.5,3.5,0.7,0.2,1.4,2.1,0.496,0.9,2.7,0.323,0.551,13.1,0.605,16.8,-1.2,0.0,-1.2,0.4,1955377.0,15.545454545454549,4.636363636363637,3.409090909090909,1.3636363636363638,0.9545454545454546,0.2727272727272727,1.9090909090909087,2.863636363636364,35.59772727272728,36.295708789772746,False,0.0259561353740177,25.956135374017755,227.0,53.0,1641796.0,https://cdn.nba.com/headshots/nba/latest/1040x760/1641796.png
Grant Williams,CHO,PF,36.0,19.8,7.0,1.6,1.3,2.7,3.9,0.5,0.5,0.9,1.6,0.426,1.4,3.7,0.388,0.568,12.9,0.609,14.1,0.6,1.0,1.6,0.7,13645500.0,12.727272727272728,2.909090909090909,4.90909090909091,2.363636363636364,0.9090909090909092,0.9090909090909092,1.6363636363636365,2.909090909090909,32.35454545454545,36.13866482045454,False,0.0097831199000596,9.783119900059612,228.0,310.0,1629684.0,https://cdn.nba.com/headshots/nba/latest/1040x760/1629684.png
Asa Newell,ATL,PF,44.0,11.4,5.2,0.6,1.0,1.2,2.2,0.4,0.3,0.5,1.5,0.538,0.7,1.7,0.387,0.624,14.2,0.624,17.1,-1.0,-0.5,-1.5,0.1,3237480.0,16.421052631578945,1.894736842105263,3.789473684210526,3.1578947368421053,1.263157894736842,0.9473684210526316,1.5789473684210529,4.7368421052631575,35.494736842105254,36.01957338947368,False,0.0200186606543077,20.01866065430777,229.0,95.0,1642854.0,https://cdn.nba.com/headshots/nba/latest/1040x760/1642854.png
Duncan Robinson,DET,SF,77.0,27.4,12.2,2.1,0.4,2.3,2.7,0.6,0.3,0.7,2.2,0.456,2.9,7.0,0.41,0.613,12.4,0.629,15.8,0.9,-0.1,0.8,1.5,16834692.0,16.029197080291972,2.759124087591241,3.0218978102189777,0.5255474452554745,0.7883211678832117,0.3941605839416058,0.9197080291970804,2.89051094890511,32.65620437956204,36.00197825693431,False,0.0087745282736134,8.77452827361342,230.0,340.0,1629130.0,https://cdn.nba.com/headshots/nba/latest/1040x760/1629130.png
Tari Eason,HOU,PF,60.0,25.8,10.5,1.5,2.1,4.2,6.3,1.2,0.5,1.4,2.3,0.416,1.6,4.3,0.358,0.496,12.9,0.514,18.7,-1.8,0.2,-1.6,0.2,5675766.0,14.651162790697674,2.0930232558139537,5.86046511627907,2.930232558139535,1.6744186046511629,0.6976744186046512,1.953488372093023,3.209302325581395,35.97906976744187,35.97363876627907,False,0.0150998324482504,15.099832448250464,231.0,175.0,1631106.0,https://cdn.nba.com/headshots/nba/latest/1040x760/1631106.png
Marcus Sasser,DET,PG,38.0,12.0,5.2,2.0,0.2,0.8,1.0,0.5,0.1,0.8,1.1,0.39,1.2,2.8,0.415,0.514,11.2,0.533,19.6,-1.6,-0.2,-1.7,0.0,2886720.0,15.6,6.0,2.4,0.6,1.5,0.3,2.4,3.3000000000000003,35.76000000000001,35.948674920000016,False,0.0211582895536397,21.15828955363974,232.0,84.0,1631204.0,https://cdn.nba.com/headshots/nba/latest/1040x760/1631204.png
Pat Spencer,GSW,PG,66.0,18.6,7.2,3.5,0.8,1.6,2.4,0.7,0.1,1.3,1.1,0.427,0.9,2.5,0.357,0.495,12.1,0.516,18.9,-1.7,-0.6,-2.3,-0.1,857804.0,13.935483870967742,6.774193548387097,3.096774193548387,1.5483870967741935,1.354838709677419,0.1935483870967742,2.516129032258064,2.129032258064516,36.832258064516125,35.92850889677419,False,0.0387922669729547,38.79226697295476,233.0,6.0,1630311.0,https://cdn.nba.com/headshots/nba/latest/1040x760/1630311.png
De'Andre Hunter,2TM,SF,45.0,26.1,13.7,2.0,0.7,3.4,4.1,0.7,0.1,1.7,2.5,0.415,1.7,5.5,0.305,0.49,11.4,0.545,22.9,-2.5,-1.5,-3.9,-0.6,23303571.0,18.89655172413793,2.758620689655172,4.689655172413793,0.9655172413793104,0.9655172413793104,0.1379310344827586,2.3448275862068964,3.4482758620689653,37.47586206896551,35.90227667241379,True,0.0074372220982085,7.437222098208587,234.0,361.0,1629631.0,https://cdn.nba.com/headshots/nba/latest/1040x760/1629631.png
Caris LeVert,DET,SG,60.0,19.2,7.4,2.7,0.4,1.6,2.0,0.9,0.7,1.4,1.5,0.417,1.0,3.0,0.333,0.494,10.9,0.518,18.4,-1.8,1.5,-0.4,0.5,14104000.0,13.875,5.062500000000001,3.0000000000000004,0.7500000000000001,1.6875,1.3125,2.625,2.8125,33.89062500000001,35.62667198437501,False,0.0094864583781902,9.48645837819021,235.0,322.0,1627747.0,https://cdn.nba.com/headshots/nba/latest/1040x760/1627747.png
Jose Alvarado,2TM,PG,69.0,19.9,7.4,3.4,0.4,2.1,2.5,1.0,0.1,1.1,1.9,0.416,1.5,4.2,0.352,0.529,12.1,0.543,16.8,-1.3,0.3,-1.0,0.3,4500000.0,13.386934673366836,6.150753768844222,3.798994974874372,0.7236180904522614,1.809045226130653,0.1809045226130653,1.989949748743719,3.437185929648241,35.13165829145729,35.54259214673367,True,0.016754938618602,16.754938618602072,236.0,141.0,1630631.0,https://cdn.nba.com/headshots/nba/latest/1040x760/1630631.png
Aaron Wiggins,OKC,SG,65.0,21.8,9.4,1.7,0.6,2.4,3.1,0.9,0.4,1.2,1.3,0.431,1.5,4.2,0.356,0.521,11.7,0.538,19.9,-1.7,0.7,-0.9,0.4,10102803.0,15.522935779816514,2.807339449541284,3.9633027522935778,0.9908256880733944,1.4862385321100915,0.6605504587155964,1.9816513761467889,2.146788990825688,34.08440366972477,35.48807106055045,False,0.0111650700405862,11.165070040586224,237.0,268.0,1630598.0,https://cdn.nba.com/headshots/nba/latest/1040x760/1630598.png
Kyle Anderson,3TM,SF,43.0,19.8,6.2,2.9,1.0,2.5,3.5,1.0,0.6,0.9,2.2,0.53,0.1,0.3,0.364,0.54,13.7,0.573,13.2,-1.3,1.7,0.4,0.5,9219512.0,11.272727272727272,5.2727272727272725,4.545454545454546,1.818181818181818,1.818181818181818,1.0909090909090908,1.6363636363636365,4.0,33.8909090909091,35.32027047272727,True,0.0116324194437318,11.632419443731871,238.0,253.0,203937.0,https://cdn.nba.com/headshots/nba/latest/1040x760/203937.png
Nikola Jović,MIA,PF,47.0,17.2,7.3,2.2,0.5,2.7,3.3,0.6,0.4,1.4,1.4,0.366,1.0,3.6,0.269,0.438,9.5,0.48,21.4,-3.5,-0.1,-3.5,-0.3,4445417.0,15.27906976744186,4.604651162790698,5.651162790697676,1.0465116279069768,1.255813953488372,0.8372093023255816,2.9302325581395348,2.9302325581395348,37.20348837209304,34.97620186046514,False,0.0165888543383905,16.588854338390508,239.0,146.0,1631107.0,https://cdn.nba.com/headshots/nba/latest/1040x760/1631107.png
Kelly Oubre Jr.,PHI,SF,50.0,31.5,14.1,1.6,1.0,4.0,5.0,1.4,0.5,1.4,2.5,0.467,1.7,4.8,0.36,0.546,13.0,0.58,18.2,-1.3,-0.1,-1.4,0.2,8382150.0,16.114285714285714,1.8285714285714283,4.571428571428571,1.1428571428571428,1.6,0.5714285714285714,1.6,2.8571428571428568,34.308571428571426,34.89973577142857,False,0.0120543674197534,12.05436741975346,240.0,239.0,1626162.0,https://cdn.nba.com/headshots/nba/latest/1040x760/1626162.png
Julian Strawther,DEN,SG,57.0,15.1,7.2,1.1,0.2,1.8,2.0,0.4,0.1,0.6,1.3,0.467,1.0,2.6,0.387,0.558,12.5,0.59,19.4,-1.2,-1.1,-2.3,-0.1,2674200.0,17.165562913907287,2.6225165562913912,4.291390728476822,0.4768211920529802,0.9536423841059604,0.2384105960264901,1.4304635761589404,3.099337748344371,34.90331125827815,34.71991215894041,False,0.0212315487635502,21.231548763550247,241.0,83.0,1631124.0,https://cdn.nba.com/headshots/nba/latest/1040x760/1631124.png
Yanic Konan Niederhäuser,LAC,C,41.0,10.3,4.3,0.3,0.9,2.0,2.9,0.1,0.7,0.6,1.6,0.64,0.0,0.1,0.2,0.645,16.4,0.691,15.7,-2.6,0.4,-2.2,0.0,2743800.0,15.029126213592232,1.0485436893203883,6.990291262135922,3.145631067961165,0.3495145631067961,2.4466019417475726,2.0970873786407767,5.592233009708737,35.16116504854368,34.683173784466014,False,0.0209383572817366,20.938357281736643,242.0,87.0,1642949.0,https://cdn.nba.com/headshots/nba/latest/1040x760/1642949.png
Jaden Hardy,2TM,SG,57.0,15.8,9.2,1.0,0.3,1.2,1.5,0.3,0.1,1.1,1.6,0.424,1.8,4.6,0.397,0.545,10.9,0.566,24.4,-1.5,-3.3,-4.8,-0.6,6000000.0,20.96202531645569,2.278481012658228,2.734177215189873,0.6835443037974682,0.6835443037974682,0.2278481012658227,2.5063291139240507,3.645569620253165,36.53544303797467,34.428520332911376,True,0.0140553845691114,14.055384569111418,243.0,190.0,1630702.0,https://cdn.nba.com/headshots/nba/latest/1040x760/1630702.png
Egor Dёmin,BRK,PG,52.0,25.2,10.3,3.3,0.4,2.8,3.2,0.8,0.3,1.7,1.8,0.399,2.4,6.2,0.385,0.537,11.3,0.561,18.8,-0.9,-0.7,-1.6,0.1,6889200.0,14.714285714285715,4.714285714285714,4.0,0.5714285714285715,1.142857142857143,0.4285714285714285,2.4285714285714284,2.571428571428572,34.1,34.420480950000005,False,0.0131139202387365,13.113920238736554,244.0,210.0,,
Jared McCain,2TM,SG,67.0,17.3,8.3,1.3,0.3,1.7,2.0,0.5,0.1,0.8,1.2,0.425,1.5,3.8,0.385,0.528,11.6,0.551,20.7,-1.6,-0.8,-2.4,-0.1,4221360.0,17.271676300578036,2.7052023121387285,3.53757225433526,0.6242774566473988,1.0404624277456649,0.2080924855491329,1.6647398843930634,2.497109826589595,34.64739884393064,34.404792424855486,True,0.0167452928324359,16.745292832435975,245.0,142.0,1642272.0,https://cdn.nba.com/headshots/nba/latest/1040x760/1642272.png
Tidjane Salaün,CHO,PF,37.0,15.5,6.0,0.7,0.7,3.3,4.0,0.4,0.2,0.7,1.5,0.503,1.0,2.2,0.434,0.616,12.9,0.629,14.9,-1.2,0.4,-0.8,0.2,7863240.0,13.935483870967742,1.6258064516129032,7.664516129032258,1.6258064516129032,0.9290322580645162,0.4645161290322581,1.6258064516129032,3.4838709677419355,33.468387096774194,34.14906780580646,False,0.0121780593774825,12.17805937748254,246.0,237.0,1642275.0,https://cdn.nba.com/headshots/nba/latest/1040x760/1642275.png
Davion Mitchell,MIA,PG,70.0,28.6,9.3,6.5,0.5,2.2,2.7,1.0,0.2,1.5,2.6,0.49,1.3,3.3,0.395,0.574,12.1,0.582,13.6,-1.3,0.4,-0.9,0.6,11600000.0,11.706293706293708,8.181818181818182,2.769230769230769,0.6293706293706293,1.2587412587412583,0.2517482517482518,1.888111888111888,3.272727272727273,34.2944055944056,34.00283383426574,False,0.0099835757741397,9.98357577413976,247.0,303.0,1630558.0,https://cdn.nba.com/headshots/nba/latest/1040x760/1630558.png
Ron Holland,DET,SF,78.0,19.9,8.2,1.2,1.1,3.0,4.0,1.2,0.3,1.2,2.3,0.432,0.6,2.5,0.253,0.478,11.7,0.525,18.9,-3.3,1.4,-2.0,0.0,8657280.0,14.834170854271356,2.170854271356784,5.42713567839196,1.989949748743719,2.170854271356784,0.542713567839196,2.170854271356784,4.160804020100502,34.29045226130653,33.89114802135677,False,0.0115184899648419,11.518489964841946,248.0,256.0,1641842.0,https://cdn.nba.com/headshots/nba/latest/1040x760/1641842.png
Ace Bailey,UTA,SF,72.0,27.6,13.8,1.8,1.4,2.8,4.2,0.8,0.7,1.5,2.7,0.443,1.9,5.5,0.344,0.52,11.6,0.533,21.4,-1.9,-2.5,-4.4,-1.2,9069840.0,18.0,2.347826086956521,3.652173913043478,1.826086956521739,1.0434782608695652,0.9130434782608696,1.9565217391304348,3.5217391304347827,36.75652173913043,33.80931135652173,False,0.0112262965976662,11.226296597666286,249.0,265.0,1642846.0,https://cdn.nba.com/headshots/nba/latest/1040x760/1642846.png
Steven Adams,HOU,C,32.0,22.8,5.8,1.5,4.5,4.1,8.6,0.7,0.6,1.1,1.7,0.504,0.0,0.0,0.0,0.504,15.8,0.535,12.1,-0.1,-0.3,-0.5,0.3,14130434.0,9.157894736842104,2.3684210526315788,6.473684210526315,7.105263157894737,1.1052631578947367,0.9473684210526316,1.736842105263158,2.6842105263157894,34.23947368421053,33.7685992993421,False,0.0089832874437093,8.98328744370932,250.0,335.0,203500.0,https://cdn.nba.com/headshots/nba/latest/1040x760/203500.png
Draymond Green,GSW,PF,68.0,27.5,8.4,5.5,0.8,4.7,5.5,0.9,0.6,2.7,2.9,0.418,1.5,4.6,0.326,0.52,10.4,0.54,16.1,-2.4,1.0,-1.4,0.3,25892857.0,10.996363636363638,7.2,6.152727272727273,1.0472727272727274,1.1781818181818182,0.7854545454545454,3.5345454545454547,3.796363636363637,34.26545454545455,33.75485765454546,False,0.0066335543916768,6.633554391676816,251.0,372.0,203110.0,https://cdn.nba.com/headshots/nba/latest/1040x760/203110.png
Royce O'Neale,PHO,SF,78.0,28.4,9.8,2.7,0.8,4.0,4.8,1.1,0.4,1.3,2.3,0.421,2.7,6.7,0.408,0.59,11.6,0.596,14.3,-0.3,1.0,0.7,1.5,10125000.0,12.422535211267608,3.422535211267606,5.070422535211268,1.0140845070422535,1.3943661971830987,0.5070422535211269,1.647887323943662,2.915492957746479,31.35422535211268,33.71034831760563,False,0.0105941403962397,10.594140396239762,252.0,283.0,1626220.0,https://cdn.nba.com/headshots/nba/latest/1040x760/1626220.png
Luke Kennard,2TM,SG,78.0,21.6,8.4,2.2,0.4,1.9,2.3,0.7,0.1,0.8,1.3,0.533,1.5,3.1,0.478,0.665,13.5,0.689,13.5,0.1,0.1,0.1,0.9,11000000.0,14.0,3.666666666666667,3.166666666666666,0.6666666666666666,1.1666666666666663,0.1666666666666666,1.3333333333333333,2.1666666666666665,31.600000000000005,33.674853500000005,True,0.0101533503572442,10.15335035724421,253.0,298.0,1628379.0,https://cdn.nba.com/headshots/nba/latest/1040x760/1628379.png
Brook Lopez,LAC,C,75.0,21.8,8.5,1.3,0.6,3.0,3.6,0.6,1.2,0.8,2.1,0.428,1.5,4.2,0.36,0.533,12.3,0.552,17.2,-1.3,0.4,-0.9,0.5,8750000.0,14.03669724770642,2.146788990825688,4.954128440366973,0.9908256880733944,0.9908256880733944,1.9816513761467889,1.3211009174311927,3.467889908256881,32.829357798165134,33.476564609174304,False,0.011317144405255,11.317144405255096,254.0,261.0,201572.0,https://cdn.nba.com/headshots/nba/latest/1040x760/201572.png
Tristan Da Silva,ORL,SF,77.0,24.7,9.9,1.6,0.8,2.9,3.7,0.9,0.3,0.9,1.5,0.45,1.6,4.2,0.374,0.547,12.0,0.576,16.2,-0.7,0.1,-0.6,0.7,3809520.0,14.429149797570853,2.331983805668016,4.226720647773279,1.165991902834008,1.3117408906882593,0.437246963562753,1.3117408906882593,2.1862348178137654,32.400000000000006,33.33150720000001,False,0.0170773242003456,17.077324200345632,255.0,135.0,1641783.0,https://cdn.nba.com/headshots/nba/latest/1040x760/1641783.png
Blake Wesley,POR,SG,31.0,11.6,4.8,2.0,0.3,1.0,1.3,0.5,0.2,1.0,1.1,0.452,0.3,1.2,0.278,0.492,10.8,0.511,19.8,-3.7,0.1,-3.6,-0.1,5643732.0,14.89655172413793,6.206896551724139,3.1034482758620694,0.9310344827586208,1.5517241379310347,0.6206896551724138,3.1034482758620694,3.413793103448276,35.82931034482759,33.19110524482759,False,0.0139713548489276,13.971354848927689,256.0,192.0,1631104.0,https://cdn.nba.com/headshots/nba/latest/1040x760/1631104.png
Kasparas Jakučionis,MIA,PG,53.0,17.8,6.2,2.6,0.8,1.8,2.6,0.6,0.1,0.9,1.9,0.429,1.2,2.9,0.423,0.567,11.9,0.614,13.7,-1.0,0.6,-0.4,0.4,3658800.0,12.53932584269663,5.258426966292134,3.640449438202247,1.6179775280898876,1.2134831460674156,0.2022471910112359,1.820224719101124,3.842696629213483,32.42022471910113,33.110695553932594,False,0.017310075768073,17.310075768073006,257.0,128.0,1642857.0,https://cdn.nba.com/headshots/nba/latest/1040x760/1642857.png
Cason Wallace,OKC,SG,77.0,26.6,8.6,2.6,0.8,2.3,3.1,1.9,0.4,0.9,2.0,0.432,1.3,3.7,0.351,0.518,12.1,0.538,14.5,-2.1,3.3,1.2,1.7,5820240.0,11.6390977443609,3.518796992481203,3.1127819548872178,1.0827067669172932,2.571428571428571,0.5413533834586466,1.218045112781955,2.706766917293233,30.34285714285714,33.03273728571428,False,0.0136922278232321,13.6922278232321,258.0,196.0,1641717.0,https://cdn.nba.com/headshots/nba/latest/1040x760/1641717.png
Sam Hauser,BOS,PF,78.0,24.8,9.2,1.5,0.7,3.1,3.8,0.5,0.3,0.4,1.4,0.419,2.5,6.5,0.393,0.584,11.9,0.59,14.5,0.6,0.0,0.6,1.3,10044644.0,13.354838709677418,2.177419354838709,4.5,1.0161290322580645,0.7258064516129032,0.4354838709677419,0.5806451612903225,2.032258064516129,30.810483870967737,33.012611945564515,False,0.0104162792004143,10.41627920041438,259.0,291.0,1630573.0,https://cdn.nba.com/headshots/nba/latest/1040x760/1630573.png
Khris Middleton,2TM,SF,63.0,22.8,10.2,2.8,0.8,2.9,3.7,0.7,0.1,1.7,2.3,0.42,1.1,3.0,0.36,0.482,10.9,0.533,20.6,-2.8,-1.5,-4.4,-0.9,33296296.0,16.105263157894736,4.421052631578947,4.578947368421052,1.263157894736842,1.1052631578947367,0.1578947368421052,2.6842105263157894,3.631578947368421,35.992105263157896,32.82141795789474,True,0.0056879972499843,5.687997249984328,260.0,380.0,203114.0,https://cdn.nba.com/headshots/nba/latest/1040x760/203114.png
Oso Ighodaro,PHO,PF,82.0,22.0,6.5,2.3,1.7,3.4,5.1,0.9,0.7,1.2,2.7,0.653,0.0,0.0,0.0,0.653,13.8,0.636,12.2,-2.2,2.3,0.1,0.9,1955377.0,10.636363636363637,3.7636363636363632,5.563636363636364,2.7818181818181817,1.4727272727272729,1.1454545454545453,1.963636363636364,4.418181818181819,31.680000000000003,32.75974464,False,0.0234274627785665,23.42746277856657,261.0,65.0,1642345.0,https://cdn.nba.com/headshots/nba/latest/1040x760/1642345.png
Ziaire Williams,BRK,SF,56.0,22.9,10.2,1.1,0.5,1.9,2.4,1.4,0.4,1.1,2.1,0.425,1.5,4.5,0.343,0.524,12.4,0.579,18.9,-2.0,0.4,-1.7,0.1,6250000.0,16.034934497816593,1.7292576419213976,2.986899563318777,0.7860262008733625,2.200873362445414,0.6288209606986901,1.7292576419213976,3.3013100436681224,32.10131004366813,32.445819571179044,False,0.0129783278284716,12.978327828471617,262.0,213.0,1630533.0,https://cdn.nba.com/headshots/nba/latest/1040x760/1630533.png
Cameron Johnson,DEN,SF,54.0,30.5,12.2,2.4,0.8,3.0,3.8,0.7,0.4,0.9,2.3,0.48,2.0,4.7,0.43,0.596,12.8,0.629,15.1,0.3,-0.9,-0.6,0.6,21057065.0,14.4,2.832786885245901,3.540983606557377,0.9442622950819672,0.8262295081967213,0.4721311475409836,1.0622950819672132,2.7147540983606557,31.50295081967212,32.43980124885245,False,0.0070693464508007,7.069346450800761,263.0,366.0,1629661.0,https://cdn.nba.com/headshots/nba/latest/1040x760/1629661.png
Toumani Camara,POR,PF,82.0,33.3,13.4,2.5,1.6,3.6,5.1,1.1,0.4,1.8,2.9,0.44,2.7,7.2,0.37,0.563,11.3,0.578,16.3,-1.0,0.0,-1.0,0.7,2221677.0,14.486486486486488,2.702702702702702,3.891891891891892,1.72972972972973,1.1891891891891897,0.4324324324324325,1.945945945945946,3.1351351351351355,31.935135135135138,32.289879881081085,False,0.0216633676364725,21.66336763647254,264.0,75.0,1641739.0,https://cdn.nba.com/headshots/nba/latest/1040x760/1641739.png
Jevon Carter,2TM,PG,53.0,16.4,6.4,1.6,0.3,1.4,1.7,0.8,0.2,0.7,1.1,0.401,1.5,4.1,0.363,0.528,10.7,0.537,17.0,-1.4,0.4,-1.1,0.2,7680524.0,14.04878048780488,3.51219512195122,3.073170731707317,0.6585365853658538,1.75609756097561,0.4390243902439025,1.5365853658536586,2.414634146341464,32.015853658536585,32.2746445792683,True,0.0116457119280664,11.64571192806642,265.0,252.0,1628975.0,https://cdn.nba.com/headshots/nba/latest/1040x760/1628975.png
Zaccharie Risacher,ATL,SF,67.0,22.4,9.6,1.1,1.1,2.8,3.8,0.9,0.5,0.9,2.2,0.455,1.4,3.9,0.368,0.544,11.8,0.557,17.6,-2.3,-0.2,-2.5,-0.2,13197720.0,15.42857142857143,1.767857142857143,4.5,1.767857142857143,1.4464285714285716,0.8035714285714286,1.4464285714285716,3.535714285714286,33.73392857142857,32.21949288482143,False,0.0088688895318621,8.868889531862177,266.0,337.0,1642258.0,https://cdn.nba.com/headshots/nba/latest/1040x760/1642258.png
Tre Johnson,WAS,SG,60.0,24.1,12.2,2.0,0.5,2.4,2.8,0.6,0.3,1.6,2.0,0.419,1.9,5.4,0.358,0.508,10.6,0.535,22.5,-2.1,-2.9,-5.0,-1.1,8237640.0,18.224066390041493,2.987551867219917,3.5850622406639,0.7468879668049793,0.896265560165975,0.4481327800829875,2.3900414937759336,2.987551867219917,35.738589211618255,32.215624092323644,False,0.0112244519407815,11.22445194078156,267.0,266.0,1642848.0,https://cdn.nba.com/headshots/nba/latest/1040x760/1642848.png
Yves Missi,NOP,C,66.0,19.7,5.7,1.3,2.8,3.1,5.8,0.3,1.5,0.8,1.7,0.544,0.0,0.0,0.0,0.544,15.0,0.556,12.6,-1.4,-0.3,-1.7,0.1,3353040.0,10.416243654822336,2.375634517766497,5.66497461928934,5.116751269035533,0.5482233502538071,2.741116751269036,1.4619289340101524,3.1065989847715736,34.2274111675127,32.158785478172604,False,0.0175622547064052,17.56225470640528,268.0,123.0,1642274.0,https://cdn.nba.com/headshots/nba/latest/1040x760/1642274.png
Kentavious Caldwell-Pope,MEM,SG,51.0,21.3,8.4,2.7,0.4,2.1,2.5,0.8,0.2,1.2,1.1,0.41,1.1,3.4,0.316,0.485,11.0,0.533,17.7,-2.3,-0.2,-2.5,-0.1,21621500.0,14.19718309859155,4.563380281690141,3.5492957746478875,0.676056338028169,1.352112676056338,0.3380281690140845,2.028169014084507,1.859154929577465,33.726760563380296,32.03907608661973,False,0.0068902832227645,6.890283222764569,269.0,370.0,203484.0,https://cdn.nba.com/headshots/nba/latest/1040x760/203484.png
Noah Clowney,BRK,PF,66.0,27.0,12.3,1.6,0.8,3.3,4.1,0.8,0.7,1.5,2.5,0.396,2.0,5.9,0.329,0.498,11.2,0.554,20.4,-2.3,-1.1,-3.4,-0.6,3398640.0,16.400000000000002,2.1333333333333333,4.4,1.0666666666666669,1.0666666666666669,0.9333333333333332,2.0,3.333333333333333,33.92666666666667,32.03541687333333,False,0.0173771198934498,17.37711989344987,270.0,127.0,1641730.0,https://cdn.nba.com/headshots/nba/latest/1040x760/1641730.png
Will Riley,WAS,SF,74.0,22.1,10.3,2.0,0.8,2.1,2.9,0.7,0.1,1.3,1.2,0.439,1.1,3.3,0.316,0.502,12.1,0.548,20.2,-1.9,-2.6,-4.5,-1.0,3512520.0,16.778280542986426,3.257918552036199,3.420814479638009,1.3031674208144794,1.1402714932126696,0.1628959276018099,2.117647058823529,1.9547511312217192,35.42986425339367,31.90128923076923,False,0.0170215392952529,17.021539295252985,271.0,138.0,1642860.0,https://cdn.nba.com/headshots/nba/latest/1040x760/1642860.png
Jaylen Wells,MEM,SG,69.0,26.4,12.5,1.6,0.9,2.3,3.2,0.9,0.1,1.1,2.1,0.431,1.9,5.3,0.353,0.524,11.5,0.559,19.3,-1.8,-1.4,-3.1,-0.5,1955377.0,17.045454545454547,2.181818181818182,3.136363636363636,1.2272727272727275,1.2272727272727275,0.1363636363636363,1.5000000000000002,2.863636363636364,33.831818181818186,31.8892281715909,False,0.0228049306927431,22.804930692743103,272.0,68.0,1642377.0,https://cdn.nba.com/headshots/nba/latest/1040x760/1642377.png
Aaron Nesmith,IND,SF,45.0,29.7,13.8,1.9,1.1,3.1,4.2,0.6,0.5,1.4,2.8,0.414,2.3,6.2,0.379,0.517,10.8,0.554,19.8,-1.7,-1.6,-3.4,-0.5,11000000.0,16.72727272727273,2.303030303030303,3.757575757575758,1.3333333333333337,0.7272727272727272,0.6060606060606061,1.696969696969697,3.393939393939394,33.78181818181819,31.816374254545472,False,0.0095929977810773,9.592997781077347,273.0,315.0,1630174.0,https://cdn.nba.com/headshots/nba/latest/1040x760/1630174.png
John Konchar,2TM,SG,56.0,19.9,4.4,2.1,1.3,3.0,4.3,1.5,0.7,0.6,1.4,0.472,0.5,1.8,0.283,0.543,13.6,0.568,9.4,-1.3,2.2,0.9,0.8,6165000.0,7.959798994974876,3.798994974874372,5.42713567839196,2.351758793969849,2.71356783919598,1.2663316582914572,1.085427135678392,2.5326633165829144,30.925628140703527,31.769932269346743,True,0.0127952786583437,12.795278658343795,274.0,225.0,1629723.0,https://cdn.nba.com/headshots/nba/latest/1040x760/1629723.png
Guerschon Yabusele,2TM,C,67.0,15.0,5.6,0.9,0.8,2.7,3.5,0.4,0.2,0.6,1.2,0.401,1.0,2.9,0.352,0.511,11.1,0.543,16.1,-1.7,-0.5,-2.2,-0.1,5500000.0,13.439999999999998,2.16,6.48,1.92,0.96,0.48,1.44,2.88,33.252,31.519607349,True,0.0134400057321087,13.440005732108723,275.0,199.0,1627824.0,https://cdn.nba.com/headshots/nba/latest/1040x760/1627824.png
Jett Howard,ORL,SF,55.0,12.6,5.5,0.8,0.4,1.2,1.6,0.2,0.2,0.3,1.2,0.418,1.0,2.6,0.372,0.526,11.2,0.561,17.2,-0.8,-1.1,-1.8,0.0,5529720.0,15.714285714285715,2.285714285714286,3.4285714285714284,1.142857142857143,0.5714285714285715,0.5714285714285715,0.8571428571428571,3.4285714285714284,32.314285714285724,31.504464300000016,False,0.0133974001426671,13.39740014266714,276.0,201.0,1641724.0,https://cdn.nba.com/headshots/nba/latest/1040x760/1641724.png
Jordan Clarkson,NYK,SG,72.0,17.8,8.6,1.3,0.9,0.9,1.8,0.4,0.1,0.9,1.7,0.451,1.0,3.0,0.327,0.517,11.6,0.548,21.1,-1.9,-1.4,-3.3,-0.4,12947835.0,17.39325842696629,2.629213483146067,1.820224719101124,1.820224719101124,0.8089887640449438,0.2022471910112359,1.820224719101124,3.438202247191011,33.11797752808988,31.488286601123583,False,0.0087508542694058,8.750854269405886,277.0,342.0,203903.0,https://cdn.nba.com/headshots/nba/latest/1040x760/203903.png
Keegan Murray,SAC,PF,23.0,34.5,14.0,1.7,1.4,4.3,5.7,1.0,1.6,1.2,1.8,0.42,1.3,4.9,0.277,0.472,11.7,0.499,18.7,-2.0,-1.0,-3.1,-0.2,11144093.0,14.608695652173914,1.7739130434782606,4.48695652173913,1.4608695652173913,1.0434782608695652,1.6695652173913045,1.2521739130434784,1.8782608695652177,33.83478260869565,31.455064636956514,False,0.0094225449538453,9.42254495384536,278.0,324.0,1631099.0,https://cdn.nba.com/headshots/nba/latest/1040x760/1631099.png
Keaton Wallace,ATL,PG,53.0,10.1,3.5,1.8,0.1,1.0,1.1,0.5,0.1,0.5,0.9,0.398,0.7,1.9,0.373,0.509,10.4,0.52,16.1,-3.0,0.3,-2.7,-0.1,2296274.0,12.475247524752476,6.415841584158416,3.5643564356435644,0.3564356435643564,1.7821782178217822,0.3564356435643564,1.7821782178217822,3.207920792079208,34.00396039603961,31.35934407920793,False,0.0206945084905448,20.694508490544877,279.0,89.0,1630811.0,https://cdn.nba.com/headshots/nba/latest/1040x760/1630811.png
Harrison Barnes,SAS,PF,77.0,25.8,9.9,1.9,0.8,2.0,2.8,0.6,0.2,0.8,1.1,0.456,1.8,4.6,0.388,0.577,11.8,0.608,14.6,-0.2,0.1,-0.1,1.0,19000000.0,13.813953488372093,2.6511627906976742,2.7906976744186047,1.1162790697674418,0.8372093023255813,0.2790697674418604,1.1162790697674418,1.5348837209302326,30.013953488372096,31.298380353488373,False,0.0071803408977555,7.1803408977555065,280.0,364.0,203084.0,https://cdn.nba.com/headshots/nba/latest/1040x760/203084.png
Christian Braun,DEN,SG,44.0,31.8,12.0,2.7,1.4,3.4,4.8,0.7,0.3,1.0,2.3,0.519,1.0,3.3,0.301,0.575,12.6,0.607,14.8,-0.4,-0.9,-1.2,0.3,4921797.0,13.584905660377355,3.056603773584906,3.849056603773585,1.5849056603773584,0.7924528301886792,0.3396226415094339,1.1320754716981132,2.60377358490566,31.601886792452834,31.22080986509434,False,0.0140728583343197,14.072858334319774,281.0,189.0,1631128.0,https://cdn.nba.com/headshots/nba/latest/1040x760/1631128.png
Max Christie,DAL,SG,77.0,29.1,12.3,2.0,0.2,3.0,3.2,0.6,0.4,1.2,1.3,0.441,2.3,5.8,0.404,0.566,11.0,0.601,16.5,-1.0,-0.6,-1.5,0.3,7714286.0,15.216494845360824,2.474226804123711,3.711340206185567,0.2474226804123711,0.7422680412371134,0.4948453608247423,1.4845360824742269,1.6082474226804124,31.49072164948453,31.169227368556697,False,0.011222204255811,11.222204255811045,282.0,267.0,1631108.0,https://cdn.nba.com/headshots/nba/latest/1040x760/1631108.png
E.J. Liddell,BRK,PF,26.0,13.4,5.7,0.9,0.5,2.1,2.7,0.2,0.4,0.6,1.7,0.486,0.7,2.0,0.346,0.568,12.6,0.6,17.2,-2.2,-1.2,-3.3,-0.1,706898.0,15.313432835820896,2.417910447761194,5.64179104477612,1.343283582089552,0.5373134328358209,1.0746268656716418,1.611940298507463,4.567164179104478,33.79701492537314,31.167576716417923,False,0.0370701770848033,37.07017708480332,283.0,8.0,1630604.0,https://cdn.nba.com/headshots/nba/latest/1040x760/1630604.png
Jeremy Sochan,2TM,PF,44.0,10.7,3.6,0.9,0.8,1.6,2.4,0.4,0.2,0.5,1.4,0.496,0.3,1.0,0.244,0.539,12.2,0.563,14.6,-2.3,1.1,-1.2,0.1,7874853.0,12.112149532710282,3.0280373831775704,5.3831775700934585,2.6915887850467293,1.3457943925233646,0.6728971962616823,1.6822429906542058,4.710280373831775,31.760747663551403,31.12277813831776,True,0.0110906532959293,11.090653295929366,284.0,270.0,1631110.0,https://cdn.nba.com/headshots/nba/latest/1040x760/1631110.png
Taylor Hendricks,2TM,PF,59.0,18.9,7.4,0.9,1.1,2.6,3.7,0.8,0.5,0.8,1.7,0.459,1.1,3.1,0.342,0.548,12.2,0.566,16.2,-1.5,-0.9,-2.4,-0.1,6127080.0,14.095238095238097,1.7142857142857144,4.952380952380953,2.095238095238096,1.523809523809524,0.9523809523809524,1.523809523809524,3.2380952380952386,32.91428571428572,31.09159131428572,True,0.0125607674461141,12.560767446114172,285.0,227.0,1641707.0,https://cdn.nba.com/headshots/nba/latest/1040x760/1641707.png
Dalen Terry,2TM,SG,48.0,11.5,3.7,1.4,0.5,1.3,1.8,0.6,0.3,0.5,1.0,0.439,0.5,1.4,0.364,0.516,11.6,0.523,14.8,-2.4,0.8,-1.7,0.0,5399118.0,11.582608695652176,4.3826086956521735,4.069565217391304,1.5652173913043477,1.8782608695652168,0.9391304347826086,1.5652173913043477,3.130434782608696,32.41565217391304,30.94560861130434,True,0.0133179573209114,13.317957320911471,286.0,202.0,1631207.0,https://cdn.nba.com/headshots/nba/latest/1040x760/1631207.png
Ousmane Dieng,2TM,C,57.0,19.3,7.6,2.4,0.5,2.6,3.2,0.4,0.3,1.3,1.4,0.422,1.1,3.2,0.341,0.501,10.2,0.516,19.7,-2.6,-1.2,-3.8,-0.5,6670882.0,14.176165803108807,4.476683937823834,4.849740932642487,0.932642487046632,0.7461139896373057,0.5595854922279793,2.424870466321244,2.61139896373057,33.9481865284974,30.874520082901544,True,0.0119538715910297,11.953871591029763,287.0,244.0,1631172.0,https://cdn.nba.com/headshots/nba/latest/1040x760/1631172.png
Justin Edwards,PHI,SF,64.0,15.3,6.0,1.3,0.4,1.1,1.5,0.8,0.2,0.6,1.4,0.447,1.0,2.8,0.372,0.552,12.1,0.572,16.1,-1.8,0.6,-1.3,0.2,2048494.0,14.117647058823527,3.058823529411765,2.588235294117647,0.9411764705882352,1.8823529411764703,0.4705882352941176,1.4117647058823528,3.294117647058824,30.95294117647058,30.839040741176458,False,0.0215468363210669,21.546836321066976,288.0,78.0,1642348.0,https://cdn.nba.com/headshots/nba/latest/1040x760/1642348.png
Tre Mann,CHO,PG,53.0,12.6,5.5,1.6,0.4,1.4,1.7,0.5,0.1,1.0,1.3,0.36,0.9,2.9,0.323,0.442,8.3,0.462,23.3,-4.5,-0.8,-5.3,-0.5,8000000.0,15.714285714285715,4.571428571428572,4.0,1.142857142857143,1.4285714285714284,0.2857142857142857,2.8571428571428568,3.7142857142857135,35.12857142857143,30.68392862142857,False,0.010848407000828,10.848407000828068,289.0,275.0,1630544.0,https://cdn.nba.com/headshots/nba/latest/1040x760/1630544.png
Walter Clayton,2TM,PG,69.0,20.4,7.8,4.0,0.4,1.7,2.0,0.6,0.3,1.7,1.7,0.384,1.1,3.5,0.307,0.465,10.3,0.523,18.5,-2.2,-2.1,-4.3,-0.8,3991320.0,13.764705882352942,7.058823529411765,3.0000000000000004,0.7058823529411766,1.0588235294117647,0.5294117647058824,3.0000000000000004,3.0000000000000004,34.747058823529414,30.6190744632353,True,0.0153261751626486,15.326175162648674,290.0,170.0,1642383.0,https://cdn.nba.com/headshots/nba/latest/1040x760/1642383.png
Derrick Jones Jr.,LAC,SF,50.0,27.0,10.1,1.4,1.2,2.2,3.5,0.9,1.0,0.8,2.1,0.499,1.1,3.1,0.359,0.571,13.3,0.6,15.1,-0.6,-0.1,-0.7,0.5,10000000.0,13.466666666666669,1.8666666666666667,2.9333333333333336,1.6,1.2,1.3333333333333333,1.0666666666666669,2.8,30.01333333333334,30.495514000000007,False,0.0096435282657552,9.643528265755208,291.0,314.0,1627884.0,https://cdn.nba.com/headshots/nba/latest/1040x760/1627884.png
Noah Penda,ORL,SF,59.0,12.8,3.8,1.2,1.1,2.0,3.2,0.5,0.3,0.7,1.2,0.404,0.5,1.6,0.323,0.478,11.3,0.506,14.8,-2.0,0.6,-1.5,0.1,1272870.0,10.687499999999998,3.375,5.625,3.09375,1.40625,0.8437499999999999,1.96875,3.375,31.7109375,30.3861747890625,False,0.0269329550503781,26.93295505037817,292.0,47.0,1642869.0,https://cdn.nba.com/headshots/nba/latest/1040x760/1642869.png
Jordan Walsh,BOS,PF,68.0,17.8,5.4,0.8,1.3,2.8,4.0,0.7,0.5,0.5,2.0,0.509,0.7,1.8,0.384,0.599,13.1,0.623,11.7,-1.4,1.6,0.2,0.7,2221677.0,10.921348314606742,1.6179775280898876,5.662921348314606,2.629213483146067,1.4157303370786516,1.0112359550561798,1.0112359550561798,4.044943820224719,29.45730337078652,30.373262948595503,False,0.0203775041591342,20.377504159134222,293.0,90.0,1641775.0,https://cdn.nba.com/headshots/nba/latest/1040x760/1641775.png
Landry Shamet,NYK,SG,51.0,23.0,9.3,1.4,0.5,1.4,1.8,0.6,0.2,0.6,1.5,0.437,2.0,5.2,0.392,0.578,11.2,0.598,15.7,-0.4,0.1,-0.3,0.5,2296274.0,14.556521739130435,2.1913043478260867,2.1913043478260867,0.7826086956521738,0.9391304347826086,0.3130434782608696,0.9391304347826086,2.347826086956521,29.12086956521739,30.32628907695652,False,0.0200127797700303,20.012779770030395,294.0,96.0,1629013.0,https://cdn.nba.com/headshots/nba/latest/1040x760/1629013.png
Svi Mykhailiuk,UTA,SF,50.0,23.1,9.4,1.9,0.7,1.8,2.5,0.5,0.1,0.8,1.3,0.478,2.0,4.8,0.408,0.613,11.4,0.626,14.8,0.3,-2.0,-1.7,0.1,3675000.0,14.649350649350648,2.9610389610389607,2.805194805194805,1.0909090909090908,0.7792207792207791,0.1558441558441558,1.2467532467532467,2.0259740259740258,31.145454545454548,30.289362381818187,False,0.0158001590752097,15.800159075209743,295.0,155.0,1629004.0,https://cdn.nba.com/headshots/nba/latest/1040x760/1629004.png
Drew Eubanks,SAC,C,42.0,13.1,5.2,0.5,0.9,2.1,3.0,0.4,0.6,0.7,1.4,0.596,0.0,0.2,0.143,0.599,13.6,0.605,16.3,-3.0,-0.7,-3.7,-0.2,2296274.0,14.290076335877863,1.3740458015267176,5.770992366412214,2.473282442748092,1.099236641221374,1.6488549618320612,1.9236641221374045,3.847328244274809,33.52671755725192,30.153146335877867,False,0.0198985202397201,19.898520239720128,296.0,99.0,1629234.0,https://cdn.nba.com/headshots/nba/latest/1040x760/1629234.png
Lonzo Ball,CLE,PG,35.0,20.8,4.6,3.9,0.7,3.3,4.0,1.3,0.3,1.5,1.3,0.301,1.1,4.2,0.272,0.415,9.5,0.432,13.7,-2.9,1.8,-1.1,0.2,10000000.0,7.96153846153846,6.75,5.711538461538462,1.2115384615384617,2.25,0.5192307692307692,2.596153846153846,2.25,31.67307692307692,29.86141753846153,False,0.0094430093582837,9.443009358283714,297.0,323.0,1628366.0,https://cdn.nba.com/headshots/nba/latest/1040x760/1628366.png
Kevon Looney,NOP,C,21.0,14.7,2.8,1.6,2.3,3.3,5.6,0.4,0.5,0.4,1.6,0.417,0.1,0.6,0.154,0.433,13.6,0.458,9.9,-1.2,-0.6,-1.8,0.0,8000000.0,6.857142857142857,3.918367346938776,8.081632653061224,5.63265306122449,0.979591836734694,1.2244897959183674,0.979591836734694,3.918367346938776,33.783673469387764,29.8255863612245,False,0.0105449371844434,10.544937184443423,298.0,285.0,1626172.0,https://cdn.nba.com/headshots/nba/latest/1040x760/1626172.png
Baylor Scheierman,BOS,SG,77.0,18.6,5.5,1.5,0.7,2.8,3.5,0.5,0.1,0.6,1.4,0.453,1.3,3.2,0.399,0.599,11.6,0.616,11.9,-0.7,1.3,0.6,0.9,2619000.0,10.64516129032258,2.903225806451613,5.419354838709676,1.354838709677419,0.9677419354838708,0.1935483870967742,1.161290322580645,2.709677419354838,28.31612903225806,29.8199988,False,0.0184263736028336,18.42637360283361,299.0,115.0,1631248.0,https://cdn.nba.com/headshots/nba/latest/1040x760/1631248.png
Ja'Kobe Walter,TOR,SG,72.0,20.5,7.5,1.2,0.8,1.8,2.6,1.0,0.2,0.5,2.3,0.446,1.5,3.7,0.409,0.582,11.8,0.61,14.0,-1.3,1.0,-0.3,0.6,3638160.0,13.170731707317072,2.107317073170732,3.1609756097560977,1.4048780487804875,1.7560975609756098,0.3512195121951219,0.8780487804878049,4.039024390243903,29.010731707317078,29.778457170731706,False,0.0156120989704356,15.612098970435634,300.0,161.0,1642266.0,https://cdn.nba.com/headshots/nba/latest/1040x760/1642266.png
Jamal Shead,TOR,PG,82.0,22.6,6.6,5.4,0.3,1.4,1.7,0.9,0.2,1.4,2.0,0.367,1.0,3.2,0.321,0.45,10.5,0.491,15.5,-2.3,0.0,-2.3,-0.1,1955377.0,10.513274336283184,8.601769911504425,2.230088495575221,0.4778761061946902,1.4336283185840708,0.3185840707964602,2.230088495575221,3.185840707964602,32.28053097345131,29.729987618362816,False,0.0212607938795105,21.26079387951053,301.0,82.0,1642347.0,https://cdn.nba.com/headshots/nba/latest/1040x760/1642347.png
Kobe Brown,2TM,PF,61.0,15.8,5.8,1.3,1.1,1.9,3.0,0.4,0.2,0.9,1.1,0.469,0.9,2.3,0.374,0.565,12.0,0.594,15.6,-1.2,-1.4,-2.7,-0.2,2654880.0,13.21518987341772,2.962025316455696,4.329113924050633,2.5063291139240507,0.9113924050632912,0.4556962025316455,2.050632911392405,2.5063291139240507,31.85316455696203,29.698431296202536,True,0.0182268266054612,18.226826605461245,302.0,116.0,1641738.0,https://cdn.nba.com/headshots/nba/latest/1040x760/1641738.png
Liam McNeeley,CHO,SF,31.0,11.9,4.3,0.8,0.4,1.9,2.4,0.2,0.1,0.4,1.2,0.4,0.8,1.9,0.4,0.526,10.6,0.588,14.4,-1.3,0.0,-1.3,0.1,2763960.0,13.008403361344538,2.4201680672268906,5.747899159663865,1.2100840336134453,0.6050420168067226,0.3025210084033613,1.2100840336134453,3.630252100840336,30.37310924369748,29.659841505882348,False,0.017840332698303,17.84033269830304,303.0,119.0,1642862.0,https://cdn.nba.com/headshots/nba/latest/1040x760/1642862.png
Ryan Dunn,PHO,SF,70.0,19.4,5.8,1.5,1.4,2.8,4.2,0.9,0.4,0.8,1.9,0.453,0.8,2.4,0.331,0.53,11.7,0.532,13.7,-2.1,1.2,-0.9,0.4,2657760.0,10.762886597938143,2.783505154639175,5.195876288659794,2.597938144329897,1.6701030927835052,0.7422680412371135,1.484536082474227,3.525773195876289,30.37731958762885,29.621834109278332,False,0.0181699639225338,18.169963922533867,304.0,117.0,1642346.0,https://cdn.nba.com/headshots/nba/latest/1040x760/1642346.png
Jase Richardson,ORL,SG,54.0,10.9,4.4,1.1,0.4,0.8,1.2,0.4,0.0,0.5,1.0,0.473,0.5,1.5,0.354,0.548,11.5,0.574,16.8,-1.9,-0.7,-2.5,-0.1,2983320.0,14.53211009174312,3.63302752293578,2.642201834862385,1.3211009174311927,1.3211009174311927,0.0,1.6513761467889907,3.3027522935779814,31.50825688073395,29.570685644036697,False,0.0171203041029477,17.120304102947753,305.0,131.0,1642859.0,https://cdn.nba.com/headshots/nba/latest/1040x760/1642859.png
Nick Smith Jr.,LAL,SG,30.0,12.5,6.2,1.0,0.1,0.7,0.8,0.3,0.1,0.7,0.9,0.435,1.1,2.9,0.395,0.54,10.2,0.552,22.0,-2.1,-2.6,-4.7,-0.3,2710680.0,17.856,2.88,2.016,0.288,0.864,0.288,2.016,2.5920000000000005,32.96160000000001,29.55913065600001,False,0.0179536407777758,17.953640777775874,306.0,118.0,1641733.0,https://cdn.nba.com/headshots/nba/latest/1040x760/1641733.png
Nae'Qwan Tomlin,CLE,PF,64.0,15.7,5.8,0.8,1.3,1.6,2.9,0.6,0.5,0.5,2.0,0.478,0.4,1.8,0.235,0.521,12.9,0.549,15.5,-2.2,0.1,-2.1,0.0,718150.0,13.29936305732484,1.8343949044585988,3.6687898089171975,2.980891719745223,1.375796178343949,1.1464968152866242,1.1464968152866242,4.585987261146497,31.20764331210192,29.381978665605093,False,0.0346715659128096,34.67156591280964,307.0,13.0,1641772.0,https://cdn.nba.com/headshots/nba/latest/1040x760/1641772.png
Vít Krejčí,2TM,PG,65.0,21.4,8.5,1.5,0.5,1.8,2.3,0.7,0.3,0.6,2.1,0.448,2.0,5.0,0.39,0.597,11.1,0.609,14.6,-1.5,0.0,-1.6,0.1,2349578.0,14.29906542056075,2.5233644859813085,3.0280373831775704,0.8411214953271029,1.1775700934579438,0.5046728971962616,1.0093457943925233,3.5327102803738324,30.14579439252337,29.344028500934584,True,0.01914365250042,19.143652500420004,308.0,109.0,1630249.0,https://cdn.nba.com/headshots/nba/latest/1040x760/1630249.png
Jabari Walker,PHI,PF,64.0,11.9,4.3,0.5,1.1,1.9,3.0,0.4,0.2,0.4,1.6,0.455,0.5,1.5,0.337,0.531,12.5,0.568,15.0,-2.1,-0.6,-2.7,-0.1,724598.0,13.008403361344538,1.512605042016807,5.747899159663865,3.327731092436975,1.2100840336134453,0.6050420168067226,1.2100840336134453,4.840336134453781,32.00672268907563,29.30100504201681,False,0.0344218297043404,34.4218297043404,309.0,14.0,1631133.0,https://cdn.nba.com/headshots/nba/latest/1040x760/1631133.png
Jalen Pickett,DEN,SG,50.0,16.1,5.2,2.3,0.4,1.9,2.3,0.3,0.1,0.7,0.8,0.422,1.0,2.5,0.386,0.528,10.3,0.541,14.8,-1.1,-1.1,-2.3,-0.1,2221677.0,11.627329192546584,5.1428571428571415,4.248447204968944,0.8944099378881987,0.670807453416149,0.2236024844720496,1.5652173913043474,1.7888198757763971,31.43850931677018,29.18162333664596,False,0.0195780299245158,19.57802992451585,310.0,102.0,1629618.0,https://cdn.nba.com/headshots/nba/latest/1040x760/1629618.png
Dominick Barlow,PHI,PF,71.0,23.8,7.7,1.2,1.9,2.9,4.8,0.9,0.7,0.8,2.1,0.539,0.3,1.2,0.256,0.565,13.2,0.597,12.8,-1.5,0.4,-1.1,0.4,3415000.0,11.647058823529411,1.815126050420168,4.386554621848739,2.8739495798319323,1.361344537815126,1.0588235294117645,1.2100840336134453,3.1764705882352944,29.97226890756302,29.10653828193277,False,0.015750531105016,15.75053110501606,311.0,158.0,1631230.0,https://cdn.nba.com/headshots/nba/latest/1040x760/1631230.png
Mouhamed Gueye,ATL,PF,77.0,15.3,4.4,0.9,1.2,2.4,3.6,0.8,0.5,0.4,1.6,0.452,0.5,1.7,0.308,0.521,12.0,0.539,12.4,-2.6,1.3,-1.3,0.2,2221677.0,10.352941176470589,2.117647058823529,5.647058823529411,2.8235294117647056,1.8823529411764703,1.1764705882352942,0.9411764705882352,3.764705882352941,30.77647058823529,29.06795816470588,False,0.0195017716536189,19.501771653618924,312.0,104.0,1631243.0,https://cdn.nba.com/headshots/nba/latest/1040x760/1631243.png
Tyrese Martin,2TM,SG,46.0,16.9,6.3,1.7,0.7,1.8,2.5,0.5,0.1,0.9,0.7,0.394,1.2,3.6,0.321,0.489,10.3,0.501,18.4,-2.0,-1.4,-3.4,-0.3,2191897.0,13.420118343195266,3.621301775147929,3.8343195266272194,1.4911242603550297,1.0650887573964498,0.2130177514792899,1.9171597633136097,1.4911242603550297,32.09112426035502,28.92007360295857,True,0.0195339163136049,19.53391631360499,313.0,103.0,1631213.0,https://cdn.nba.com/headshots/nba/latest/1040x760/1631213.png
Nick Richards,2TM,C,48.0,14.6,5.8,0.3,1.6,3.5,5.1,0.2,0.7,1.2,1.8,0.512,0.1,0.4,0.278,0.525,11.9,0.562,18.2,-4.9,-1.2,-6.1,-0.7,5000000.0,14.301369863013695,0.7397260273972602,8.63013698630137,3.945205479452055,0.4931506849315069,1.7260273972602738,2.958904109589041,4.438356164383562,35.408219178082184,28.87120412054794,True,0.0129115950011634,12.911595001163446,314.0,217.0,1630208.0,https://cdn.nba.com/headshots/nba/latest/1040x760/1630208.png
Gradey Dick,TOR,SG,76.0,14.0,6.0,0.7,0.6,1.4,1.9,0.6,0.1,0.6,1.3,0.419,0.7,2.4,0.301,0.492,10.7,0.538,18.7,-3.2,-0.4,-3.6,-0.4,4990560.0,15.428571428571429,1.7999999999999998,3.6,1.542857142857143,1.542857142857143,0.2571428571428572,1.542857142857143,3.342857142857143,31.85999999999999,28.778659289999982,False,0.0128823744015829,12.88237440158299,315.0,219.0,1641711.0,https://cdn.nba.com/headshots/nba/latest/1040x760/1641711.png
Jake LaRavia,LAL,PF,82.0,25.1,8.2,1.8,1.4,2.6,4.0,1.3,0.5,1.1,2.4,0.459,1.0,3.0,0.321,0.533,11.9,0.571,14.4,-1.6,0.5,-1.2,0.4,6000000.0,11.7609561752988,2.581673306772908,3.729083665338645,2.0079681274900394,1.8645418326693224,0.7171314741035857,1.5776892430278886,3.4422310756972108,29.208764940239043,28.624695003585657,False,0.0116859828002633,11.685982800263329,316.0,251.0,1631222.0,https://cdn.nba.com/headshots/nba/latest/1040x760/1631222.png
Bub Carrington,WAS,PG,82.0,27.7,10.7,4.6,0.4,3.0,3.4,0.6,0.2,2.3,2.2,0.424,2.1,5.0,0.408,0.538,9.9,0.556,18.0,-2.2,-2.5,-4.7,-1.6,4677600.0,13.906137184115524,5.978339350180505,3.898916967509025,0.5198555956678701,0.779783393501805,0.259927797833935,2.989169675090253,2.8592057761732854,33.29675090252707,28.5831839133574,False,0.0132159705828683,13.215970582868318,317.0,207.0,1642267.0,https://cdn.nba.com/headshots/nba/latest/1040x760/1642267.png
Carter Bryant,SAS,PF,71.0,11.5,4.2,0.7,0.5,2.0,2.5,0.2,0.3,0.5,1.3,0.408,0.7,2.2,0.335,0.506,9.9,0.526,16.3,-3.1,0.2,-3.0,-0.2,4900320.0,13.147826086956522,2.1913043478260867,6.260869565217391,1.5652173913043477,0.6260869565217392,0.9391304347826086,1.5652173913043477,4.069565217391304,31.382608695652166,28.441985960869555,False,0.0128483600135461,12.848360013546149,318.0,220.0,1642868.0,https://cdn.nba.com/headshots/nba/latest/1040x760/1642868.png
Taurean Prince,MIL,SF,26.0,23.5,9.2,1.8,0.2,3.0,3.1,0.6,0.2,1.2,1.8,0.45,2.3,5.4,0.436,0.61,10.5,0.617,16.2,-1.3,-1.8,-3.1,-0.2,3303774.0,14.093617021276597,2.7574468085106383,4.595744680851063,0.3063829787234042,0.9191489361702128,0.3063829787234042,1.8382978723404253,2.7574468085106383,30.255319148936174,27.62943025531916,False,0.0152008111646242,15.200811164624293,319.0,173.0,1627752.0,https://cdn.nba.com/headshots/nba/latest/1040x760/1627752.png
Bogdan Bogdanović,LAC,SG,23.0,19.7,7.4,2.2,0.3,2.3,2.6,0.4,0.1,1.2,2.0,0.388,1.4,4.1,0.347,0.497,8.9,0.525,18.6,-2.3,-0.8,-3.1,-0.1,16020000.0,13.52284263959391,4.020304568527919,4.203045685279188,0.5482233502538071,0.7309644670050762,0.182741116751269,2.1928934010152283,3.654822335025381,30.033502538071065,27.437043274111677,False,0.0068549777954324,6.854977795432488,320.0,371.0,203992.0,https://cdn.nba.com/headshots/nba/latest/1040x760/203992.png
Dean Wade,CLE,PF,59.0,22.3,5.8,1.5,0.9,3.3,4.2,0.7,0.4,0.3,1.5,0.439,1.2,3.3,0.362,0.567,10.9,0.58,9.9,-0.8,1.0,0.2,0.7,6623456.0,9.363228699551568,2.42152466367713,5.3273542600896855,1.452914798206278,1.1300448430493273,0.6457399103139013,0.4843049327354259,2.42152466367713,27.306726457399098,27.380217161434967,False,0.0106388469338766,10.638846933876694,321.0,282.0,1629731.0,https://cdn.nba.com/headshots/nba/latest/1040x760/1629731.png
Terrence Shannon Jr.,MIN,SG,43.0,12.5,5.6,0.9,0.2,0.9,1.1,0.3,0.0,0.6,1.2,0.45,0.7,1.8,0.408,0.541,11.1,0.597,17.7,-2.5,-1.1,-3.6,-0.2,2674080.0,16.128,2.5920000000000005,2.5920000000000005,0.5760000000000001,0.864,0.0,1.728,3.456,30.326400000000007,27.279114530400008,False,0.0166818061910971,16.681806191097195,322.0,144.0,1630545.0,https://cdn.nba.com/headshots/nba/latest/1040x760/1630545.png
Jonathan Isaac,ORL,PF,52.0,10.0,2.6,0.4,0.8,1.7,2.5,0.4,0.6,0.3,0.8,0.422,0.1,0.7,0.184,0.454,11.5,0.498,12.4,-2.9,1.3,-1.6,0.1,15000000.0,9.36,1.44,6.119999999999999,2.88,1.44,2.16,1.08,2.88,29.681999999999995,27.218569566,False,0.007027804442447,7.027804442447068,323.0,368.0,1628371.0,https://cdn.nba.com/headshots/nba/latest/1040x760/1628371.png
Rui Hachimura,LAL,PF,68.0,28.3,11.5,0.8,0.6,2.7,3.3,0.6,0.3,0.6,1.6,0.514,1.7,3.9,0.443,0.611,11.6,0.62,15.2,-0.8,-1.5,-2.2,-0.1,18259259.0,14.628975265017669,1.017667844522968,3.4346289752650176,0.763250883392226,0.763250883392226,0.381625441696113,0.763250883392226,2.035335689045936,28.9017667844523,27.10234668551237,False,0.0063425707718295,6.342570771829523,324.0,375.0,1629060.0,https://cdn.nba.com/headshots/nba/latest/1040x760/1629060.png
Anthony Gill,WAS,PF,55.0,17.3,5.8,1.3,1.1,1.8,2.9,0.6,0.4,0.7,1.6,0.628,0.3,0.9,0.354,0.667,13.4,0.682,11.9,-1.3,-1.3,-2.6,-0.2,2296274.0,12.06936416184971,2.7052023121387285,3.7456647398843934,2.2890173410404624,1.2485549132947975,0.8323699421965317,1.4566473988439304,3.329479768786127,29.81965317919076,27.032358627745676,False,0.0178390649284099,17.8390649284099,325.0,120.0,1630264.0,https://cdn.nba.com/headshots/nba/latest/1040x760/1630264.png
Kris Dunn,LAC,PG,82.0,27.2,7.3,3.6,0.7,2.6,3.3,1.6,0.2,1.4,2.3,0.476,1.0,2.6,0.374,0.56,11.3,0.581,12.4,-2.3,1.5,-0.8,0.6,5426400.0,9.661764705882351,4.764705882352941,3.4411764705882355,0.926470588235294,2.117647058823529,0.2647058823529412,1.852941176470588,3.044117647058824,27.69485294117647,26.995395865808824,False,0.0115886754001079,11.588675400107936,326.0,254.0,1627739.0,https://cdn.nba.com/headshots/nba/latest/1040x760/1627739.png
Jarred Vanderbilt,LAL,PF,65.0,17.4,4.4,1.3,1.2,3.3,4.5,0.8,0.3,0.9,1.6,0.471,0.4,1.5,0.293,0.531,11.2,0.544,12.4,-2.4,0.9,-1.5,0.1,11571429.0,9.10344827586207,2.689655172413793,6.8275862068965525,2.4827586206896552,1.6551724137931036,0.6206896551724138,1.862068965517241,3.3103448275862077,28.934482758620696,26.946744910344837,False,0.007921598261689,7.921598261689063,327.0,354.0,1629020.0,https://cdn.nba.com/headshots/nba/latest/1040x760/1629020.png
Rob Dillingham,2TM,PG,65.0,14.9,6.3,2.2,0.3,1.7,2.0,0.7,0.1,1.5,1.8,0.396,0.6,2.0,0.316,0.447,7.7,0.469,23.1,-6.3,-0.9,-7.3,-1.3,6576120.0,15.221476510067117,5.315436241610739,4.10738255033557,0.7248322147651006,1.691275167785235,0.2416107382550335,3.624161073825503,4.348993288590604,34.21208053691275,26.82122027919463,True,0.010459084415102,10.459084415102026,328.0,288.0,1642265.0,https://cdn.nba.com/headshots/nba/latest/1040x760/1642265.png
Tony Bradley,2TM,C,41.0,11.0,4.0,0.5,1.5,1.4,2.8,0.1,0.2,0.4,1.5,0.547,0.0,0.1,0.5,0.556,12.8,0.596,14.5,-2.5,-1.7,-4.2,-0.3,3204816.0,13.090909090909092,1.6363636363636365,4.581818181818181,4.909090909090908,0.3272727272727273,0.6545454545454547,1.3090909090909093,4.909090909090908,31.71272727272727,26.80031765454545,True,0.0149705719035838,14.9705719035838,329.0,177.0,1628396.0,https://cdn.nba.com/headshots/nba/latest/1040x760/1628396.png
Aaron Holiday,HOU,PG,57.0,13.7,5.5,1.1,0.2,0.8,1.0,0.5,0.1,0.7,1.3,0.417,1.2,3.0,0.394,0.55,10.1,0.578,16.6,-2.2,-0.2,-2.4,-0.1,2296274.0,14.452554744525548,2.89051094890511,2.102189781021898,0.5255474452554745,1.3138686131386863,0.2627737226277372,1.8394160583941608,3.416058394160584,28.418978102189776,26.558560589781017,False,0.0175263983912942,17.526398391294283,330.0,124.0,1628988.0,https://cdn.nba.com/headshots/nba/latest/1040x760/1628988.png
Dalton Knecht,LAL,SF,54.0,10.2,4.2,0.4,0.3,1.1,1.4,0.2,0.2,0.4,0.8,0.455,0.7,2.1,0.342,0.555,10.1,0.568,17.7,-2.1,-1.6,-3.6,-0.2,4010160.0,14.823529411764708,1.4117647058823533,3.882352941176472,1.0588235294117647,0.7058823529411766,0.7058823529411766,1.4117647058823533,2.8235294117647065,29.858823529411765,26.40294225882353,False,0.0131847371326023,13.184737132602324,331.0,209.0,1642261.0,https://cdn.nba.com/headshots/nba/latest/1040x760/1642261.png
Killian Hayes,SAC,PG,23.0,17.7,5.5,3.5,0.2,2.2,2.3,0.9,0.2,1.2,1.6,0.304,0.7,2.7,0.27,0.366,8.8,0.422,18.7,-5.1,-0.9,-6.0,-0.4,263940.0,11.186440677966102,7.118644067796611,4.474576271186441,0.4067796610169492,1.8305084745762712,0.4067796610169492,2.440677966101695,3.254237288135594,33.671186440677964,26.109063950847457,False,0.050820472178773,50.82047217877309,332.0,3.0,1630165.0,https://cdn.nba.com/headshots/nba/latest/1040x760/1630165.png
Bryce McGowens,NOP,SG,42.0,21.0,8.1,1.5,0.3,1.8,2.1,0.6,0.2,0.4,2.1,0.481,0.9,2.2,0.409,0.561,11.7,0.61,14.0,-2.0,-0.9,-2.8,-0.2,724598.0,13.885714285714284,2.571428571428571,3.085714285714286,0.5142857142857142,1.0285714285714285,0.3428571428571428,0.6857142857142857,3.6,29.194285714285712,26.069715857142853,False,0.0306258204586605,30.625820458660527,333.0,28.0,1631121.0,https://cdn.nba.com/headshots/nba/latest/1040x760/1631121.png
Bruce Brown,DEN,SG,82.0,24.4,7.9,2.1,1.0,2.8,3.9,1.0,0.2,1.1,2.4,0.475,0.7,1.8,0.385,0.53,10.8,0.562,14.5,-2.5,0.1,-2.4,-0.2,2296274.0,11.655737704918034,3.098360655737705,4.131147540983607,1.475409836065574,1.475409836065574,0.2950819672131147,1.6229508196721314,3.540983606557377,28.57131147540984,25.979807342213117,False,0.0171444703137977,17.144470313797743,334.0,129.0,1628971.0,https://cdn.nba.com/headshots/nba/latest/1040x760/1628971.png
Dwight Powell,DAL,C,63.0,14.3,3.3,1.1,1.5,2.6,4.1,0.5,0.3,0.7,2.1,0.644,0.0,0.1,0.286,0.653,12.6,0.699,8.9,-2.9,1.5,-1.4,0.1,4000000.0,8.307692307692307,2.769230769230769,6.545454545454546,3.776223776223776,1.2587412587412583,0.7552447552447552,1.762237762237762,5.286713286713287,27.755244755244757,25.910322393356644,False,0.0129551611966783,12.955161196678322,335.0,214.0,203939.0,https://cdn.nba.com/headshots/nba/latest/1040x760/203939.png
Keon Ellis,2TM,SG,72.0,20.5,6.7,1.0,0.5,1.3,1.9,1.2,0.6,0.6,1.9,0.44,1.3,3.5,0.363,0.559,10.8,0.579,13.0,-1.8,1.3,-0.5,0.6,2301587.0,11.765853658536583,1.7560975609756098,2.282926829268293,0.8780487804878049,2.107317073170732,1.053658536585366,1.053658536585366,3.3365853658536584,26.03414634146341,25.90519090243902,True,0.0170754870134933,17.0754870134933,336.0,136.0,1631165.0,https://cdn.nba.com/headshots/nba/latest/1040x760/1631165.png
Nolan Traoré,BRK,PG,56.0,22.2,8.9,3.8,0.3,1.5,1.8,0.8,0.4,2.3,2.1,0.38,1.1,3.4,0.318,0.444,7.9,0.479,22.8,-4.8,-2.0,-6.8,-1.5,3811560.0,14.432432432432432,6.162162162162162,2.4324324324324325,0.4864864864864865,1.2972972972972974,0.6486486486486487,3.72972972972973,3.4054054054054057,32.56216216216217,25.595275524324325,False,0.0131101731812194,13.110173181219428,337.0,211.0,1642849.0,https://cdn.nba.com/headshots/nba/latest/1040x760/1642849.png
Marcus Smart,LAL,SG,62.0,28.5,9.3,3.0,0.6,2.2,2.8,1.4,0.4,1.5,2.6,0.395,1.6,4.7,0.331,0.497,9.9,0.543,15.4,-2.9,0.6,-2.2,-0.1,19920855.0,11.747368421052633,3.789473684210526,2.778947368421053,0.7578947368421053,1.768421052631579,0.5052631578947369,1.894736842105263,3.28421052631579,27.840000000000003,25.50062112,False,0.0057134281671821,5.71342816718211,338.0,379.0,203935.0,https://cdn.nba.com/headshots/nba/latest/1040x760/203935.png
Will Richard,GSW,SG,69.0,20.0,6.4,1.3,1.0,1.5,2.5,1.2,0.1,0.8,1.9,0.468,1.0,3.1,0.335,0.571,11.0,0.596,13.0,-2.5,0.9,-1.7,0.1,1272870.0,11.52,2.34,2.7,1.8,2.16,0.18,1.44,3.42,26.82,25.171496399999995,False,0.02231089585307,22.310895853070036,339.0,71.0,1642954.0,https://cdn.nba.com/headshots/nba/latest/1040x760/1642954.png
Ben Sheppard,IND,SG,65.0,21.4,7.1,1.8,0.7,2.3,3.0,0.6,0.1,0.6,1.8,0.434,1.3,3.6,0.362,0.543,9.7,0.561,13.8,-2.4,-0.6,-3.0,-0.4,2790720.0,11.943925233644858,3.0280373831775704,3.8691588785046727,1.1775700934579438,1.0093457943925233,0.1682242990654205,1.0093457943925233,3.0280373831775704,28.4803738317757,24.771188371962623,False,0.0148282093697808,14.828209369780804,340.0,179.0,1641767.0,https://cdn.nba.com/headshots/nba/latest/1040x760/1641767.png
Jericho Sims,MIL,C,67.0,19.7,5.0,1.6,2.2,3.3,5.5,0.3,0.3,1.1,2.2,0.784,0.0,0.0,0.0,0.784,12.9,0.772,9.8,-2.1,-0.9,-3.1,-0.4,2461463.0,9.137055837563452,2.923857868020305,6.030456852791878,4.020304568527919,0.5482233502538071,0.5482233502538071,2.01015228426396,4.020304568527919,28.242639593908628,24.764006412182734,False,0.015784260936286,15.784260936286037,341.0,156.0,1630579.0,https://cdn.nba.com/headshots/nba/latest/1040x760/1630579.png
Kobe Sanders,LAC,SG,68.0,19.9,7.3,1.6,0.4,1.8,2.3,0.7,0.1,1.2,2.1,0.466,1.2,2.9,0.408,0.57,10.0,0.597,16.3,-2.7,-0.2,-2.9,-0.3,475497.0,13.20603015075377,2.8944723618090458,3.256281407035176,0.7236180904522614,1.2663316582914572,0.1809045226130653,2.170854271356784,3.798994974874372,27.32562814070352,24.6941437258794,False,0.0358112995139058,35.81129951390585,342.0,10.0,1642920.0,https://cdn.nba.com/headshots/nba/latest/1040x760/1642920.png
Mike Conley,MIN,PG,54.0,18.4,4.5,2.9,0.3,1.4,1.7,0.6,0.3,0.6,1.6,0.335,1.0,3.1,0.337,0.465,9.4,0.517,11.5,-2.3,1.0,-1.3,0.2,11499872.0,8.804347826086957,5.673913043478261,2.739130434782609,0.5869565217391304,1.1739130434782608,0.5869565217391304,1.1739130434782608,3.130434782608696,26.598913043478262,24.468738656250004,False,0.0072154775400537,7.21547754005373,343.0,363.0,201144.0,https://cdn.nba.com/headshots/nba/latest/1040x760/201144.png
Rasheer Fleming,PHO,PF,55.0,12.2,4.3,0.3,1.0,1.2,2.3,0.4,0.4,0.5,1.2,0.405,0.8,2.4,0.346,0.509,10.2,0.517,16.3,-3.0,-0.7,-3.8,-0.3,1272870.0,12.688524590163937,0.8852459016393442,3.540983606557377,2.950819672131148,1.180327868852459,1.180327868852459,1.475409836065574,3.540983606557377,28.401639344262303,24.06240832991804,False,0.0213278494727411,21.327849472741168,344.0,81.0,1642853.0,https://cdn.nba.com/headshots/nba/latest/1040x760/1642853.png
Herbert Jones,NOP,SF,56.0,28.4,8.9,2.8,0.8,2.6,3.4,1.6,0.5,1.3,3.2,0.383,1.4,4.6,0.309,0.467,9.1,0.491,15.2,-3.7,0.6,-3.1,-0.5,13937574.0,11.281690140845072,3.549295774647887,3.295774647887324,1.0140845070422535,2.0281690140845074,0.6338028169014085,1.647887323943662,4.056338028169015,28.00774647887324,24.05221255669014,False,0.006442604032161,6.442604032161037,345.0,374.0,1630529.0,https://cdn.nba.com/headshots/nba/latest/1040x760/1630529.png
Zeke Nnaji,DEN,PF,52.0,12.0,3.7,0.6,0.6,2.0,2.6,0.3,0.5,0.5,1.4,0.47,0.3,1.0,0.259,0.517,10.3,0.558,13.7,-3.6,0.0,-3.5,-0.3,8177778.0,11.1,1.7999999999999998,6.0,1.7999999999999998,0.8999999999999999,1.5,1.5,4.199999999999999,28.59,23.932954035,False,0.0083690979036764,8.369097903676401,346.0,349.0,1630192.0,https://cdn.nba.com/headshots/nba/latest/1040x760/1630192.png
Adem Bona,PHI,C,71.0,17.4,4.8,0.5,1.8,2.5,4.3,0.4,1.2,0.8,2.2,0.595,0.0,0.1,0.333,0.6,12.8,0.638,11.1,-3.2,0.3,-2.9,-0.3,1955377.0,9.93103448275862,1.0344827586206895,5.172413793103449,3.724137931034483,0.8275862068965518,2.4827586206896552,1.6551724137931036,4.551724137931035,27.67241379310345,23.82548443965517,False,0.017038308937543,17.038308937543007,347.0,137.0,1641737.0,https://cdn.nba.com/headshots/nba/latest/1040x760/1641737.png
Hugo González,BOS,SF,74.0,14.6,3.9,0.5,0.8,2.5,3.3,0.6,0.3,0.5,1.7,0.476,0.6,1.6,0.362,0.561,10.2,0.561,11.8,-3.1,1.6,-1.5,0.1,2783880.0,9.616438356164384,1.2328767123287672,6.164383561643835,1.9726027397260275,1.4794520547945205,0.7397260273972602,1.2328767123287672,4.191780821917808,25.89041095890411,23.82066,False,0.0142767230502634,14.276723050263485,348.0,187.0,1642864.0,https://cdn.nba.com/headshots/nba/latest/1040x760/1642864.png
Caleb Martin,DAL,SF,58.0,14.8,3.9,1.4,0.5,2.0,2.5,0.7,0.3,0.7,1.5,0.45,0.3,1.0,0.351,0.503,9.3,0.526,12.5,-4.0,1.7,-2.2,0.0,9594044.0,9.486486486486486,3.4054054054054053,4.864864864864864,1.216216216216216,1.7027027027027026,0.7297297297297296,1.7027027027027026,3.648648648648648,26.975675675675674,23.679774222972974,False,0.0076449861736627,7.644986173662763,349.0,358.0,1628997.0,https://cdn.nba.com/headshots/nba/latest/1040x760/1628997.png
Nique Clifford,SAC,SG,75.0,25.1,8.6,2.4,0.9,2.9,3.8,0.9,0.3,1.5,2.1,0.418,1.0,3.1,0.333,0.482,9.0,0.505,17.0,-3.7,-1.2,-4.9,-1.4,3108120.0,12.334661354581671,3.4422310756972108,4.159362549800797,1.290836653386454,1.290836653386454,0.4302788844621513,2.151394422310757,3.01195219123506,29.59601593625497,23.630369581673303,False,0.0134036051328322,13.40360513283224,350.0,200.0,1642363.0,https://cdn.nba.com/headshots/nba/latest/1040x760/1642363.png
Larry Nance Jr.,CLE,PF,35.0,12.8,3.7,1.0,0.8,1.8,2.7,0.6,0.2,0.6,1.6,0.419,0.6,1.8,0.333,0.504,9.5,0.505,14.0,-3.9,0.5,-3.4,-0.2,2296274.0,10.40625,2.8125,5.0625,2.25,1.6874999999999998,0.5625,1.6874999999999998,4.5,28.2234375,23.57465970703125,False,0.0155572767796611,15.557276779661104,351.0,164.0,1626204.0,https://cdn.nba.com/headshots/nba/latest/1040x760/1626204.png
Patrick Williams,CHI,PF,72.0,20.5,7.0,1.5,0.7,2.3,3.0,0.7,0.4,1.0,1.3,0.372,1.3,3.8,0.347,0.472,8.2,0.494,16.6,-3.4,-1.1,-4.5,-0.9,18000000.0,12.292682926829269,2.6341463414634143,4.039024390243903,1.2292682926829266,1.2292682926829266,0.7024390243902439,1.7560975609756098,2.282926829268293,29.0809756097561,23.49060859317073,False,0.0055367895434766,5.536789543476671,352.0,381.0,1630172.0,https://cdn.nba.com/headshots/nba/latest/1040x760/1630172.png
Terance Mann,BRK,SG,63.0,24.3,7.2,3.0,1.1,2.1,3.2,0.7,0.2,1.1,2.5,0.457,0.9,2.4,0.364,0.533,10.2,0.564,13.5,-2.7,-0.7,-3.4,-0.6,15500000.0,10.666666666666666,4.444444444444445,3.1111111111111107,1.6296296296296298,1.037037037037037,0.2962962962962963,1.6296296296296298,3.703703703703704,27.674074074074078,23.27658044444444,False,0.0059122573451491,5.9122573451491895,353.0,377.0,1629611.0,https://cdn.nba.com/headshots/nba/latest/1040x760/1629611.png
Johnny Furphy,IND,SG,35.0,18.4,5.1,1.2,0.9,3.5,4.4,0.6,0.2,0.8,1.9,0.47,0.7,2.0,0.324,0.547,9.2,0.547,12.8,-3.9,0.2,-3.7,-0.3,1955377.0,9.97826086956522,2.347826086956521,6.847826086956522,1.7608695652173914,1.1739130434782608,0.391304347826087,1.565217391304348,3.717391304347826,27.96847826086957,22.808400800543485,False,0.0163109623309127,16.31096233091274,354.0,149.0,1642277.0,https://cdn.nba.com/headshots/nba/latest/1040x760/1642277.png
Jaylen Clark,MIN,SG,68.0,13.1,4.0,0.6,0.8,1.0,1.8,0.7,0.1,0.3,1.3,0.434,0.5,1.5,0.327,0.507,10.3,0.534,13.3,-3.2,0.7,-2.4,-0.1,2191897.0,10.99236641221374,1.6488549618320612,2.7480916030534357,2.198473282442748,1.9236641221374045,0.2748091603053435,0.8244274809160306,3.5725190839694663,25.84580152671756,22.50753806793893,False,0.0152026018702601,15.2026018702601,355.0,172.0,1641740.0,https://cdn.nba.com/headshots/nba/latest/1040x760/1641740.png
Cody Williams,UTA,SG,67.0,24.3,8.8,2.0,0.9,2.0,3.0,0.8,0.4,1.1,1.8,0.468,0.4,2.0,0.214,0.495,9.6,0.524,16.0,-3.6,-1.9,-5.5,-1.5,5742480.0,13.037037037037038,2.962962962962963,2.962962962962963,1.3333333333333333,1.1851851851851851,0.5925925925925927,1.6296296296296298,2.6666666666666665,29.385185185185183,22.34908718518519,False,0.0093263142320641,9.326314232064174,356.0,327.0,1642262.0,https://cdn.nba.com/headshots/nba/latest/1040x760/1642262.png
Jalen Wilson,BRK,PF,54.0,15.9,6.4,0.9,0.3,1.8,2.1,0.4,0.0,0.7,1.6,0.396,1.0,2.8,0.355,0.493,8.7,0.536,18.2,-3.6,-2.1,-5.6,-0.8,2221677.0,14.49056603773585,2.037735849056604,4.075471698113208,0.6792452830188679,0.9056603773584906,0.0,1.5849056603773584,3.6226415094339615,28.867924528301884,22.25461584905661,False,0.014930681889252,14.930681889252057,357.0,178.0,1630592.0,https://cdn.nba.com/headshots/nba/latest/1040x760/1630592.png
Luguentz Dort,OKC,SF,69.0,26.8,8.3,1.2,0.8,2.7,3.6,0.9,0.4,0.8,2.6,0.385,1.9,5.4,0.344,0.508,8.3,0.524,14.1,-2.8,0.8,-2.0,0.0,18222222.0,11.149253731343284,1.611940298507463,3.626865671641791,1.0746268656716418,1.208955223880597,0.5373134328358209,1.0746268656716418,3.492537313432836,24.716417910447767,22.253283223880608,False,0.005213068464956,5.213068464956066,358.0,382.0,1629652.0,https://cdn.nba.com/headshots/nba/latest/1040x760/1629652.png
A.J. Green,MIL,SG,78.0,29.1,10.4,1.9,0.4,2.4,2.7,0.5,0.1,1.0,2.3,0.424,3.0,7.1,0.419,0.612,9.4,0.627,14.0,-1.5,-1.8,-3.3,-0.8,2301587.0,12.8659793814433,2.3505154639175254,2.9690721649484537,0.4948453608247423,0.6185567010309277,0.1237113402061855,1.2371134020618555,2.845360824742268,25.9979381443299,22.24858792268042,False,0.0146652258064048,14.665225806404871,359.0,182.0,1631260.0,https://cdn.nba.com/headshots/nba/latest/1040x760/1631260.png
Josh Okogie,HOU,SG,78.0,17.4,4.5,0.9,1.0,1.5,2.6,0.8,0.2,0.5,1.4,0.425,0.8,2.1,0.385,0.531,9.9,0.544,11.3,-2.3,1.1,-1.2,0.3,2296274.0,9.310344827586208,1.862068965517241,3.1034482758620694,2.0689655172413794,1.6551724137931036,0.4137931034482759,1.0344827586206895,2.896551724137931,23.824137931034485,21.96858004137931,False,0.0144974003615391,14.497400361539125,360.0,184.0,1629006.0,https://cdn.nba.com/headshots/nba/latest/1040x760/1629006.png
Josh Green,CHO,SG,58.0,15.7,4.3,0.8,0.8,1.0,1.8,0.6,0.1,0.6,1.1,0.459,1.0,2.4,0.42,0.619,9.7,0.644,10.6,-1.7,1.0,-0.7,0.3,13666667.0,9.859872611464969,1.8343949044585988,2.2929936305732483,1.8343949044585988,1.375796178343949,0.2292993630573248,1.375796178343949,2.5222929936305736,22.54012738853503,21.81281185222929,False,0.0059003849562047,5.900384956204794,361.0,378.0,1630182.0,https://cdn.nba.com/headshots/nba/latest/1040x760/1630182.png
Ben Saraf,BRK,SG,44.0,20.8,7.5,3.3,0.5,1.6,2.1,0.9,0.2,2.3,1.8,0.396,0.4,2.0,0.211,0.427,7.8,0.486,21.0,-5.6,-1.7,-7.3,-1.2,2884560.0,12.98076923076923,5.711538461538462,2.769230769230769,0.8653846153846153,1.5576923076923077,0.3461538461538461,3.98076923076923,3.1153846153846154,30.253846153846155,21.80856207692308,False,0.012840656944355,12.840656944355088,362.0,221.0,1642879.0,https://cdn.nba.com/headshots/nba/latest/1040x760/1642879.png
Kris Murray,POR,SF,57.0,23.4,5.8,1.4,1.6,2.0,3.6,0.9,0.4,0.8,1.6,0.467,0.6,2.1,0.279,0.529,9.6,0.55,10.6,-2.3,0.8,-1.5,0.2,3132000.0,8.923076923076923,2.1538461538461537,3.076923076923077,2.4615384615384617,1.3846153846153846,0.6153846153846154,1.2307692307692308,2.4615384615384617,24.115384615384613,21.66884423076923,False,0.0122440436987741,12.24404369877414,363.0,234.0,1631200.0,https://cdn.nba.com/headshots/nba/latest/1040x760/1631200.png
Isaac Okoro,CHI,SG,63.0,26.9,9.3,1.6,1.1,1.7,2.7,0.7,0.5,0.7,2.6,0.46,1.2,3.5,0.33,0.539,9.8,0.574,13.6,-3.0,-0.8,-3.8,-0.8,11000000.0,12.446096654275095,2.1412639405204463,2.2750929368029738,1.472118959107807,0.9368029739776952,0.6691449814126395,0.9368029739776952,3.479553903345725,26.524907063197038,21.591238153159864,False,0.0065100032466579,6.51000324665794,364.0,373.0,1630171.0,https://cdn.nba.com/headshots/nba/latest/1040x760/1630171.png
Jeremiah Robinson-Earl,2TM,PF,22.0,16.4,4.6,0.7,1.6,3.0,4.7,0.4,0.0,0.5,1.2,0.37,0.5,1.9,0.244,0.42,9.3,0.468,14.1,-3.5,-1.7,-5.2,-0.3,131970.0,10.097560975609756,1.5365853658536586,6.585365853658537,3.51219512195122,0.878048780487805,0.0,1.0975609756097562,2.634146341463415,29.041463414634144,21.469351778048782,True,0.0590991621164578,59.099162116457855,365.0,1.0,1630526.0,https://cdn.nba.com/headshots/nba/latest/1040x760/1630526.png
Sion James,CHO,SG,82.0,22.5,5.4,2.0,0.6,2.9,3.5,0.6,0.2,0.8,1.8,0.371,1.0,2.9,0.352,0.483,8.3,0.531,11.0,-3.0,1.1,-2.0,0.0,2296274.0,8.64,3.2,4.64,0.96,0.96,0.32,1.28,2.88,24.176,21.11905344,False,0.0139367848263167,13.936784826316744,366.0,193.0,1642883.0,https://cdn.nba.com/headshots/nba/latest/1040x760/1642883.png
Tyus Jones,3TM,PG,67.0,14.6,3.0,2.4,0.2,1.0,1.1,0.6,0.0,0.4,0.5,0.349,0.6,2.0,0.292,0.44,8.3,0.448,10.7,-2.9,0.5,-2.4,-0.1,7000000.0,7.397260273972603,5.917808219178082,2.4657534246575343,0.4931506849315069,1.4794520547945205,0.0,0.9863013698630138,1.2328767123287672,25.446575342465756,21.0446010739726,True,0.0079541115546134,7.954111554613471,367.0,353.0,1626145.0,https://cdn.nba.com/headshots/nba/latest/1040x760/1626145.png
Ochai Agbaji,2TM,SG,62.0,15.7,5.1,0.8,0.7,1.5,2.3,0.4,0.3,0.5,1.5,0.436,0.5,2.1,0.266,0.496,8.9,0.525,14.6,-3.5,-0.5,-4.0,-0.5,6383525.0,11.694267515923569,1.8343949044585988,3.4394904458598727,1.6050955414012738,0.9171974522292994,0.6878980891719745,1.1464968152866242,3.4394904458598727,26.1515923566879,20.86095429936306,True,0.0082566502788226,8.256650278822693,368.0,350.0,1630534.0,https://cdn.nba.com/headshots/nba/latest/1040x760/1630534.png
Jordan Hawkins,NOP,SG,51.0,13.6,5.1,0.8,0.4,1.3,1.7,0.3,0.2,0.7,0.6,0.366,0.9,2.6,0.348,0.457,7.6,0.48,18.2,-3.2,-3.0,-6.2,-0.7,4741320.0,13.5,2.117647058823529,3.4411764705882355,1.0588235294117647,0.7941176470588236,0.5294117647058824,1.852941176470588,1.5882352941176472,28.60147058823529,20.807052,False,0.0095556650610863,9.555665061086378,369.0,317.0,1641722.0,https://cdn.nba.com/headshots/nba/latest/1040x760/1641722.png
AJ Johnson,DAL,SG,23.0,10.4,3.9,1.1,0.3,0.8,1.0,0.2,0.1,0.5,0.7,0.323,0.2,1.4,0.156,0.349,6.7,0.427,20.5,-5.6,-1.8,-7.4,-0.3,3090480.0,13.5,3.807692307692308,2.769230769230769,1.0384615384615383,0.6923076923076923,0.3461538461538461,1.7307692307692306,2.423076923076923,30.011538461538454,20.7758927451923,False,0.0118180745677981,11.818074567798194,370.0,250.0,1642358.0,https://cdn.nba.com/headshots/nba/latest/1040x760/1642358.png
Doug McDermott,SAC,SF,29.0,15.1,5.7,0.8,0.2,1.0,1.3,0.2,0.1,0.4,1.0,0.388,1.7,4.2,0.39,0.561,8.6,0.574,15.1,-1.4,-3.0,-4.4,-0.3,2296274.0,13.589403973509937,1.9072847682119207,2.384105960264901,0.4768211920529802,0.4768211920529802,0.2384105960264901,0.9536423841059604,2.384105960264901,26.201324503311263,20.76842320132451,False,0.0137053985947366,13.705398594736645,371.0,195.0,203926.0,https://cdn.nba.com/headshots/nba/latest/1040x760/203926.png
Rayan Rupert,2TM,SG,64.0,16.8,5.2,1.1,0.8,2.2,2.9,0.9,0.1,0.9,1.9,0.393,0.7,2.1,0.324,0.463,8.2,0.493,15.0,-5.0,-0.1,-5.1,-0.8,2353647.0,11.142857142857142,2.357142857142857,4.714285714285714,1.7142857142857142,1.9285714285714284,0.2142857142857142,1.9285714285714284,4.071428571428571,27.300000000000004,20.284725000000005,True,0.0132220398088924,13.222039808892452,372.0,206.0,1641712.0,https://cdn.nba.com/headshots/nba/latest/1040x760/1641712.png
Nicolas Batum,LAC,PF,74.0,17.5,4.0,0.9,0.3,2.2,2.5,0.6,0.3,0.5,1.4,0.403,1.2,3.1,0.404,0.597,8.4,0.603,9.6,-1.7,0.7,-1.0,0.3,5601600.0,8.228571428571428,1.8514285714285716,4.525714285714286,0.6171428571428572,1.2342857142857144,0.6171428571428572,1.0285714285714285,2.88,21.651428571428568,20.021725688571426,False,0.0084595149105308,8.459514910530865,373.0,347.0,201587.0,https://cdn.nba.com/headshots/nba/latest/1040x760/201587.png
Amir Coffey,2TM,SG,46.0,10.7,3.2,0.6,0.4,0.8,1.2,0.2,0.1,0.2,0.7,0.487,0.4,1.1,0.347,0.562,10.2,0.594,11.9,-2.2,-0.9,-3.1,-0.1,2296274.0,10.766355140186915,2.0186915887850465,2.6915887850467293,1.3457943925233646,0.6728971962616823,0.3364485981308411,0.6728971962616823,2.355140186915888,24.274766355140187,20.013077655140183,True,0.0132069345714036,13.206934571403613,374.0,208.0,1629599.0,https://cdn.nba.com/headshots/nba/latest/1040x760/1629599.png
Kam Jones,IND,SG,37.0,16.6,4.4,3.2,0.4,1.2,1.6,0.5,0.0,1.0,1.1,0.402,0.6,2.0,0.293,0.467,8.2,0.47,14.4,-4.2,-1.9,-6.2,-0.6,1272870.0,9.542168674698797,6.939759036144578,2.602409638554217,0.8674698795180722,1.0843373493975903,0.0,2.1686746987951806,2.385542168674699,28.50722891566265,19.68206878915663,False,0.0174453111547168,17.445311154716805,375.0,126.0,1642880.0,https://cdn.nba.com/headshots/nba/latest/1040x760/1642880.png
Gary Trent Jr.,MIL,SG,65.0,21.2,8.1,1.2,0.1,0.9,1.0,0.5,0.0,0.6,1.3,0.387,1.9,5.3,0.36,0.517,8.0,0.533,17.2,-3.2,-2.2,-5.4,-1.2,3697105.0,13.754716981132074,2.037735849056604,1.528301886792453,0.169811320754717,0.8490566037735849,0.0,1.018867924528302,2.207547169811321,25.488679245283016,18.815573742452827,False,0.0097855800342102,9.785580034210216,376.0,309.0,1629018.0,https://cdn.nba.com/headshots/nba/latest/1040x760/1629018.png
Spencer Jones,DEN,SF,64.0,22.1,5.5,0.8,1.2,2.1,3.3,0.8,0.5,0.5,2.7,0.504,0.9,2.3,0.396,0.613,9.3,0.619,9.7,-2.4,0.0,-2.4,-0.1,623967.0,8.959276018099546,1.3031674208144794,3.420814479638009,1.9547511312217192,1.3031674208144794,0.8144796380090498,0.8144796380090498,4.398190045248868,21.933936651583718,18.30867424004525,False,0.0231780068405973,23.17800684059734,377.0,67.0,1642461.0,https://cdn.nba.com/headshots/nba/latest/1040x760/1642461.png
Micah Peavy,NOP,SG,61.0,15.0,4.3,1.0,0.8,1.2,1.9,0.7,0.1,0.3,1.6,0.385,0.5,1.8,0.259,0.436,8.3,0.455,14.0,-4.4,-0.8,-5.2,-0.7,1272870.0,10.32,2.4,2.88,1.92,1.6799999999999995,0.24,0.72,3.84,25.512000000000008,17.804162100000006,False,0.0157808181147417,15.780818114741756,378.0,157.0,1642877.0,https://cdn.nba.com/headshots/nba/latest/1040x760/1642877.png
Christian Koloko,3TM,C,27.0,13.2,2.7,0.7,1.1,1.9,3.0,0.5,0.9,0.6,1.8,0.419,0.0,0.3,0.111,0.426,8.8,0.453,11.3,-5.9,1.2,-4.7,-0.2,263940.0,7.363636363636364,1.9090909090909087,5.181818181818183,3.0000000000000004,1.3636363636363638,2.454545454545455,1.6363636363636365,4.90909090909091,24.790909090909093,17.139971256818182,True,0.0333624152149593,33.362415214959306,379.0,17.0,1631132.0,https://cdn.nba.com/headshots/nba/latest/1040x760/1631132.png
Sidy Cissoko,POR,SF,75.0,19.1,5.1,1.5,0.8,1.4,2.2,0.7,0.3,0.9,2.4,0.398,0.8,2.6,0.298,0.487,7.1,0.514,12.5,-4.6,0.5,-4.0,-0.7,686243.0,9.612565445026176,2.8272251308900525,2.638743455497382,1.5078534031413613,1.319371727748691,0.5654450261780104,1.6963350785340312,4.523560209424083,22.627225130890054,16.54029852094241,False,0.0199666120517445,19.966612051744548,380.0,97.0,1631321.0,https://cdn.nba.com/headshots/nba/latest/1040x760/1631321.png
Gary Harris,MIL,SG,48.0,13.8,2.7,1.1,0.3,0.9,1.3,0.6,0.2,0.4,1.1,0.442,0.6,1.4,0.412,0.577,8.0,0.593,8.5,-3.2,0.7,-2.5,-0.1,3634153.0,7.043478260869565,2.8695652173913047,2.347826086956521,0.7826086956521738,1.5652173913043477,0.5217391304347826,1.0434782608695652,2.8695652173913047,19.513043478260865,15.375002217391298,False,0.0080651710653745,8.065171065374587,381.0,352.0,203914.0,https://cdn.nba.com/headshots/nba/latest/1040x760/203914.png
Drake Powell,BRK,SG,63.0,21.0,6.5,1.4,0.3,1.4,1.8,0.6,0.2,1.0,1.4,0.402,0.8,2.9,0.28,0.473,7.3,0.521,14.9,-4.6,-1.3,-6.0,-1.3,3372240.0,11.142857142857142,2.4,2.4,0.5142857142857142,1.0285714285714285,0.3428571428571428,1.7142857142857142,2.4,23.25428571428571,15.083770129285714,False,0.0082139237611255,8.213923761125507,382.0,351.0,1642962.0,https://cdn.nba.com/headshots/nba/latest/1040x760/1642962.png
Gabe Vincent,2TM,PG,53.0,16.6,4.4,1.4,0.3,0.7,1.0,0.5,0.1,0.5,1.5,0.352,1.1,3.3,0.341,0.488,6.5,0.511,12.3,-3.8,-0.5,-4.3,-0.5,11500000.0,9.542168674698797,3.036144578313253,1.5180722891566265,0.6506024096385542,1.0843373493975903,0.216867469879518,1.0843373493975903,3.2530120481927707,21.19879518072289,14.748811079819273,True,0.0043491871131351,4.349187113135149,383.0,383.0,1629216.0,https://cdn.nba.com/headshots/nba/latest/1040x760/1629216.png
Maxi Kleber,LAL,PF,43.0,10.7,2.0,0.6,0.8,1.1,2.0,0.4,0.3,0.4,1.4,0.452,0.1,0.6,0.231,0.493,8.1,0.509,9.6,-4.2,0.3,-3.9,-0.2,11000000.0,6.728971962616823,2.0186915887850465,3.7009345794392527,2.6915887850467293,1.3457943925233646,1.0093457943925233,1.3457943925233646,4.710280373831775,20.472897196261684,14.045121328037382,False,0.0042347634163743,4.234763416374376,384.0,384.0,1628467.0,https://cdn.nba.com/headshots/nba/latest/1040x760/1628467.png
Dorian Finney-Smith,HOU,PF,37.0,16.8,3.3,1.0,0.9,1.6,2.5,0.4,0.2,0.6,1.6,0.333,0.7,2.7,0.27,0.436,5.8,0.452,10.7,-4.3,-0.1,-4.3,-0.4,12700000.0,7.07142857142857,2.142857142857143,3.4285714285714284,1.9285714285714284,0.8571428571428571,0.4285714285714285,1.2857142857142856,3.4285714285714284,19.36071428571428,12.169070217857142,False,0.0034147234467647,3.414723446764738,385.0,385.0,1627827.0,https://cdn.nba.com/headshots/nba/latest/1040x760/1627827.png
